Первый автограф|Подпишите первый документ в установленной процедуре.|{"signatures":1}
Проект на стол|Создайте первый нормативный документ.|{"documents":1}
Законодательная инициатива|Подготовьте проект федерального закона.|{"d_fz_bill":1}
Конституционный масштаб|Подготовьте проект федерального конституционного закона.|{"d_fkz_bill":1}
Казначейский почерк|Создайте проект федерального бюджета.|{"d_federal_budget":1}
Президентский указ|Подготовьте указ от уполномоченного субъекта.|{"d_president_decree":1}
Президентское поручение|Подготовьте распоряжение Президента.|{"d_president_order":1}
Правительство постановило|Подготовьте постановление Правительства.|{"d_government_resolution":1}
Распорядитель|Подготовьте распоряжение Правительства.|{"d_government_order":1}
Голос палаты|Подготовьте постановление Государственной Думы.|{"d_gd_resolution":1}
Палата регионов|Подготовьте постановление Совета Федерации.|{"d_sf_resolution":1}
Ведомственный порядок|Подготовьте приказ министерства.|{"d_ministry_order":1}
Паспорт будущего|Создайте государственную программу.|{"d_state_program":1}
Местное значение|Подготовьте муниципальный акт.|{"d_municipal_act":1}
Объясню зачем|Создайте пояснительную записку по образцу.|{"t_explanatory_note":1}
Не забудем старые нормы|Создайте перечень затрагиваемых актов.|{"t_affected_acts":1}
Посчитаем заранее|Создайте финансово-экономическое обоснование.|{"t_financial_economic":1}
Правительство рассмотрело|Создайте заключение Правительства.|{"t_government_opinion":1}
Комитетская экспертиза|Подготовьте заключение профильного комитета.|{"t_committee_conclusion":1}
Секретарь заседания|Создайте протокол заседания по образцу.|{"t_minutes":1}
От черновика до публикации|Доведите собственный НПА до опубликования.|{"published_documents":1}
Разные инструменты|Создайте документы трёх разных видов.|{"document_types":3}
Связующая норма|Прикрепите свой НПА к собственной публикации.|{"post_documents":1}
Доказательство приложено|Прикрепите исходный файл к своему документу.|{"document_files":1}
Подробная редакция|Создайте документ с текстом не менее 1200 знаков.|{"long_documents":1}
Мой голос учтён|Проголосуйте в первом заседании.|{"ballots":1}
За аргумент|Отдайте голос за проект или решение.|{"votes_yes":1}
Против по существу|Отдайте голос против проекта или решения.|{"votes_no":1}
Обдуманное воздержание|Зафиксируйте воздержание в голосовании.|{"votes_abstain":1}
Мандатная ответственность|Распорядитесь минимум десятью голосами в одном голосовании.|{"largest_ballot":10}
Разделённая делегация|Распределите голоса между вариантами в одном бюллетене.|{"split_ballots":1}
Кворум состоялся|Участвуйте в завершённом голосовании с достигнутым кворумом.|{"quorate_ballots":1}
Несколько институтов|Проголосуйте в заседаниях двух разных органов.|{"voting_institutions":2}
Норма на практике|Решите кейс законно и в пределах полномочий.|{"lawful_cases":1}
Коллективная компетенция|Решите законный кейс вместе с другим уполномоченным участником.|{"collective_lawful_cases":1}
Приглашение принято|Примите приглашение к совместному решению кейса.|{"accepted_case_invites":1}
Обсудим дело|Отправьте содержательное текстовое сообщение в чате кейса.|{"case_messages":1}
Региональный юрист|Законно решите региональную бюджетную задачу.|{"regional_lawful_cases":1}
Федеративный взгляд|Законно решите задачи трёх разных регионов.|{"lawful_regions":3}
Законная стратегия|Получите подтверждённый стратегический критерий в кейсе.|{"strategic_cases":1}
Предложение ставки|Подготовьте налоговую меру из действующей исполнительной роли.|{"tax_proposals":1}
Ставка по акту|Доведите свою налоговую меру до применения по опубликованному акту.|{"applied_tax_proposals":1}
Редактор повестки|Опубликуйте первый самостоятельный пост.|{"posts":1}
Ссылка к аргументу|Добавьте внешнюю ссылку в свою публикацию.|{"external_links":1}
Внутри республики|Опубликуйте пост со ссылкой на внутренний раздел.|{"internal_links":1}
Три темы|Используйте три разных стандартизированных тега в своих постах.|{"post_tags":3}
Иллюстрированный довод|Прикрепите изображение к собственной публикации.|{"post_images":1}
Радио республики|Прикрепите аудио к собственной публикации.|{"post_audio":1}
Видеоповестка|Прикрепите видео к собственной публикации.|{"post_video":1}
Приложение к новости|Прикрепите файл к собственной публикации.|{"post_files":1}
Предложить редакции|Отправьте новость на согласование СМИ.|{"media_proposals":1}
Новость принята|Получите одобрение предложенной новости в СМИ.|{"approved_media":1}
Публичное обсуждение|Напишите комментарий к документу.|{"document_comments":1}
Ответ в ленте|Напишите комментарий к публикации.|{"post_comments":1}
Правовой аргумент|Напишите комментарий от 80 знаков со ссылкой на кодекс, закон или Конституцию.|{"legal_comments":1}
Открытый читатель|Просмотрите пять разных документов.|{"document_views":5}
Партийный архив|Загрузите первый документ своей партии.|{"party_files":1}
Два кресла, одна голова|Получите две активные должности для учебной ротации.|{"active_offices":2}
Долгая смена|Накопите час активного соединения с игрой. Учёт не доказывает внимание и не даёт баллов.|{"presence_seconds":3600}
Бюрократия с человеческим лицом|Создали муниципальный акт и пояснили его отдельным публичным постом.|{"d_municipal_act":1,"posts":1}
Печать без паники|Подписали документ и оставили правовой комментарий.|{"signatures":1,"legal_comments":1}
Смета встретила закон|Создали бюджет и законопроект, а также финансовое обоснование.|{"d_federal_budget":1,"d_fz_bill":1,"t_financial_economic":1}
Кофе для комитета|Подготовили заключение комитета и протокол заседания.|{"t_committee_conclusion":1,"t_minutes":1}
Налоговый дипломат|Предложили ставку и законно решили региональный кейс.|{"tax_proposals":1,"regional_lawful_cases":1}
Не всё решается кнопкой|Обсудили кейс и получили подтверждённый законный результат.|{"case_messages":1,"lawful_cases":1}
Сначала полномочия|Приняли приглашение и участвовали в законном коллективном решении.|{"accepted_case_invites":1,"collective_lawful_cases":1}
Исправление — тоже работа|Создали документ и сохранили новую редакцию его текста.|{"documents":1,"edited_documents":1}
Партийный чемодан|Загрузили документы четырёх разных видов для партии.|{"party_file_types":4}
Публичность без громкоговорителя|Получили три реакции других участников на свои посты.|{"received_likes":3}
Разговор после заголовка|На ваших публикациях появились комментарии двух разных участников.|{"post_comment_authors":2}
Тихий архивариус|Просмотрели десять документов и прокомментировали хотя бы один.|{"document_views":10,"document_comments":1}
Микрофон и паспорт программы|Создали госпрограмму и прикрепили аудио к собственному посту.|{"d_state_program":1,"post_audio":1}
С камерой в муниципалитет|Создали муниципальный акт и видеопубликацию.|{"d_municipal_act":1,"post_video":1}
Кодекс вместо шпаргалки|Законно решили пять кейсов и оставили правовой комментарий.|{"lawful_cases":5,"legal_comments":1}
Соседи по Федерации|Решили задачи пяти регионов и проголосовали в двух органах.|{"lawful_regions":5,"voting_institutions":2}
Из граблей в учебник|После хотя бы одного ошибочного кейса законно решили три других.|{"unlawful_cases":1,"lawful_after_error":3}
Без диванного большинства|Дважды участвовали в завершённых голосованиях с кворумом и обсуждали документы.|{"quorate_ballots":2,"document_comments":2}
Баланс голоса|Использовали все три позиции голосования в разных заседаниях.|{"votes_yes":1,"votes_no":1,"votes_abstain":1}
Редактор без короны|Опубликовали от своего имени и от имени действующей должности.|{"personal_posts":1,"office_posts":1}
От комитета к газете|Подготовили заключение и получили одобрение новости в СМИ.|{"t_committee_conclusion":1,"approved_media":1}
Длинный текст, короткий путь|Создали подробный документ и довели собственный НПА до публикации.|{"long_documents":1,"published_documents":1}
Научный аванс без фокусов|Законно решили кейс «Научный аванс».|{"case_054":1}
Пастбище под защитой|Законно решили кейс «Пастбище и кадастр».|{"case_008":1}
Касса не резиновая|Законно решили кейс «Кассовый разрыв».|{"case_020":1}
Памятка не закон|Законно решили кейс о налоге по ведомственной памятке.|{"case_124":1}
Паспорт остался дома|Законно решили кейс о паспорте на личной почте.|{"case_117":1}
Призрак с бюллетенем|Распределили голоса и использовали минимум 25 мандатов в одном бюллетене.|{"split_ballots":1,"largest_ballot":25}
Первая полоса|Стали одним из лидеров группы по самостоятельным постам, имея не менее пяти публикаций.|{"posts_leader":1,"posts":5}
Фабрика норм|Стали одним из лидеров группы по опубликованным собственным НПА, имея не менее трёх.|{"documents_leader":1,"published_documents":3}
Самый стойкий Wi-Fi|Стали одним из лидеров студентов по времени соединения с игрой, накопив минимум два часа.|{"presence_leader":1,"presence_seconds":7200}
Республика не за один вечер|Побывали в игре в три разные календарные даты UTC.|{"presence_days":3}
Сквозная процедура|Создали документы на четырёх разных этапах.|{"document_stages":4}
Нормативный оркестр|Создали документы от трёх разных уполномоченных субъектов.|{"document_subjects":3}
Федеральное и местное|Создали федеральный законопроект и муниципальный акт.|{"d_fz_bill":1,"d_municipal_act":1}
Правительство в эфире|Подготовили постановление Правительства и одобренную новость СМИ.|{"d_government_resolution":1,"approved_media":1}
Регион слышен|Законно решили региональную задачу и опубликовали пост с тегом регионов.|{"regional_lawful_cases":1,"tag_regions":1}
Считаю, значит спорю|Создали ФЭО и распределили голоса между вариантами.|{"t_financial_economic":1,"split_ballots":1}
Новая глава открыта|Завершили участие в двух этапах с содержательными доказательствами в оценках.|{"assessed_completed_stages":2}
Юрист с послесловием|На завершённом этапе получили подтверждённые правовой и аналитический критерии.|{"law_and_debrief":1}
Команда без подмены|Приняли приглашение в кейс, проголосовали и подготовили собственный документ.|{"accepted_case_invites":1,"ballots":1,"documents":1}
