001|В учебном досье указаны 2,4 млн ₽ поддержки и три потенциальных получателя. Одна компания уже заказала экскурсионные автобусы, две другие не знают о конкурсе. Срок открытия маршрута не совпадает со сроком обязательного оформления расхода. В распоряжении участника есть проект порядка, письмо предпринимателя и календарь сезона; нужно выбрать действие до передачи платёжного поручения.
002|Директор завода показывает обещание сохранить 70 рабочих мест и просит налогового инспектора применить письмо к ближайшему авансовому платежу. В налоговых регистрах прибыль уже определена. Юрист администрации не нашёл опубликованного акта с условиями льготы. До срока платежа осталось пять дней, а депутаты готовы рассмотреть предложение на заседании через неделю.
003|В учебном расчёте строительство стоит 90 млн ₽, из которых 18 млн ₽ должен предоставить регион. Федеральное соглашение содержит сроки ввода объекта и условия перечисления средств. Подрядчик подготовил площадку, но казначейство не получило подтверждения ассигнований. Участнику переданы проект соглашения, смета и выдержка из регионального бюджета; решение требуется до подписания авансового платежа.
004|Совет обсуждает проект решения на очередной сессии, а владельцы гостиниц уже уведомили гостей о новых ценах. В таблице администратора смешаны предельная ставка соответствующего года и ставка будущего периода. Один турист забронировал номер заранее и требует объяснить изменение стоимости. Участнику доступны календарь введения налога, проект муниципального акта и расчёт на одну ночёвку.
005|Средства поступили с кодом целевого назначения, отдельным отчётом и сроком выполнения переданного полномочия. Проект фонтана стоит 6 млн ₽ и поддерживается частью жителей, но отсутствует в соглашении о субвенции. Бухгалтер предлагает поменять название расхода в заявке, сохранив его содержание. Участник проверяет соглашение, смету и объём ещё неисполненных обязательств переданных полномочий.
006|По учебной смете школе доведено 3 млн ₽, а подрядчик предлагает договор на 4,2 млн ₽. Акт обследования подтверждает необходимость ремонта, однако собственные доходы следующего года ещё не получены. Платёжный график предусматривает аванс до начала работ. На столе у участника лежат смета, лимиты и договор; директор просит решить вопрос до окончания срока предложения подрядчика.
007|В проекте соглашения есть компенсация недополученной выручки при снижении туристического потока. Сумма может достигнуть 12 млн ₽ в год, но приложение к прогнозу содержит только расходы текущего сезона. Банк считает обещание региона достаточным обеспечением кредита. Участник получил три сценария посещаемости и должен оценить не только первый платёж, но и обязательства будущих периодов.
008|В кадастровой выписке указаны категория и разрешённое использование, а акт осмотра подтверждает выпас скота. Налоговое уведомление сформировано по шаблону для иного участка. Собственник просит ответ до срока уплаты и не оспаривает площадь земли. Участнику доступны выписка, муниципальные ставки и расчёт; спор касается правового основания ставки, а не размера дохода хозяйства.
009|Две заявки отличаются по оборудованию и плану занятости, а оценочные листы ещё не подписаны. Член комиссии сообщил о родстве только после вопроса секретаря и предложил голосовать «как обычный эксперт». В составе комиссии есть замещающий участник. Нужно определить порядок работы с заявкой, уведомлением и протоколом так, чтобы решение можно было проверить после распределения средств.
010|В учебном реестре есть федеральный лесной участок и участок иной публичной собственности. Проект доходной части объединяет оба договора аренды в одну строку местных поступлений. Финансист намерен направить ожидаемые деньги на освещение поселения. Участнику переданы выписки о собственности и условия аренды; необходимо проверить, какие поступления действительно доступны этому бюджету.
011|Праздник проводится каждый год, дата известна с начала бюджетного планирования. Организатор не получил ассигнования по обычной программе и предлагает провести оплату через резерв. В фонде предусмотрены деньги на внезапные аварии коммунальной инфраструктуры. Участник изучает положение о резервном фонде, заявку и календарь расходов до подготовки распоряжения об использовании средств.
012|Компания приобрела офисное здание и исключительное право на программу по разным договорам. В учётной ведомости оба объекта объединены по признаку высокой стоимости. Инспектор просит пояснение о составе налоговой базы за квартал. Участник получает бухгалтерские документы и характеристики активов; решение должно учитывать вид объекта, а не только строку его отражения в общем отчёте.
013|Деньги перечислены на выравнивание бюджетной обеспеченности, а не по соглашению о конкретном благоустройстве. Цвет покрытия выбран местным советом в рамках отдельного проекта. Письмо о возврате не содержит расчёта нарушения и ссылки на условие предоставления дотации. Участнику нужно сопоставить назначение трансферта, полномочия сторон и документы требования до ответа финансовому органу.
014|Акт диспетчера фиксирует разрыв трубы и угрозу остановки отопления нескольких домов. Подрядчик готов устранить аварийный участок за 48 часов, но в предложении дополнительно указан плановый ремонт соседней магистрали. Финансирование срочной части определено в резерве. Участник получил фотографии, дефектную ведомость и две сметы; необходимо отделить аварийную потребность от работ, которые могут пройти обычную процедуру.
015|Клуб просит обеспечение кредита на строительство тренировочной базы сроком на семь лет. В пакете есть презентация посещаемости, но отсутствует проверка финансового положения и обеспечение обратных требований. Предельный объём гарантий в учебном бюджете уже частично занят. Участнику переданы проект гарантии, долговая книга и заявка банка; решение нужно принять до выпуска письма о поддержке.
016|Оба отчёта относятся к одному станку, одной накладной и одной дате оплаты. Первая программа покрывает часть покупки, вторая рассчитана на другой набор подтверждённых затрат. Получатель считает, что разные названия программ допускают повторное возмещение. Участник проверяет соглашения и документы об оплате до утверждения суммы; отдельный вопрос — корректность уже представленного отчёта.
017|В таблице заимствований не учтены два действующих обязательства, а доходная база включает целевые поступления. Кредит дешевле альтернативы на один процентный пункт, но требует погашения в следующем году. Финансовый орган должен представить расчёт допустимого объёма долга на заседании. Участнику доступны долговая книга и проект доходов; выбрать действие нужно до подписания кредитного договора.
018|Поставщик прислал техническое приложение, часть которого отмечена как сведения ограниченного доступа. Электронная площадка предлагает общий режим размещения файлов. Сотрудник закупок хочет ускорить публикацию, чтобы не сорвать производственный график. Участник получил отметки о режиме информации и проект документации; необходимо определить процедуру и состав раскрываемых сведений до отправки извещения.
019|Предприятие предъявило платежи за ремонт административного здания вместе с расходами производственного участка. Документы о назначении затрат представлены не полностью. В декларации уже рассчитана сумма предполагаемого уменьшения налога. Участнику доступны счета, акты и перечень заявленных расходов; решение требуется до подачи уточнений, с проверкой связи каждой суммы с установленными условиями вычета.
020|Кассовый план показывает поступление доходов через десять дней, тогда как зарплата и договорные платежи должны пройти на этой неделе. Годовые ассигнования и ожидаемые доходы не изменились. В служебной записке смешаны остаток денег на счёте и годовой баланс. Участник должен выбрать порядок исполнения обязательств на коротком горизонте, используя кассовый план, платёжный календарь и условия допустимого финансирования.
021|В одном месяце завод реализовал продукцию за рубеж и покупателям внутри страны. Экспортный комплект подтверждений ещё собирается, но бухгалтер перенёс одну ставку на весь журнал продаж. Покупатель внутренней партии просит корректный счёт-фактуру. Участник получает договоры, отгрузочные документы и реестр аванса; важны вид операции и её подтверждение, а не валюта отдельного поступления.
022|Хозяйство представило расчёт затрат и письмо страхового агента, но договор ещё не вступил в силу. В регионе начинается посевная, и фермер просит аванс на семена. Порядок поддержки содержит перечень подтверждающих документов и срок подачи. Участник должен решить, какой пакет можно принять сейчас, опираясь на фактические расходы и условия программы, до перечисления бюджетных средств.
023|На входе установлена будка оплаты, а альтернативный проход перекрыт ограждением арендатора. Местный бюджет планирует получить 1,8 млн ₽ за сезон. В проекте акта термин «услуга» применяется к самому проходу, без отдельной услуги посетителю. Участнику переданы схема берега, договор аренды и проект решения; нужно проверить правовую природу платежа и доступ граждан.
024|Продажа склада даст учебному бюджету 140 млн ₽ в первом году. В расходном плане на эту сумму назначены постоянные выплаты, а повторного имущества для продажи нет. При ухудшении доходов обязательства по зарплате сохранятся. Участник получил трёхлетний прогноз и ведомость имущества; решение требует сопоставить устойчивость источника с характером финансируемого расхода.
025|Инвестор планирует склад и просит приложить письмо администрации к кредитному досье. В перечне обещанных льгот смешаны федеральные и региональные платежи. Опубликованного основания для части обещаний нет, но презентация уже распространяется среди партнёров. Участник сопоставляет соглашение и полномочия публичного органа до заверения документа; коммерческий эффект обещания не заменяет его правовое основание.
026|Постоялец предъявил документ, подтверждающий основание освобождения, до окончательного расчёта гостиницы. В программе учёта предусмотрен только перечень из местного решения. Менеджер опасается потерять выручку и просит муниципалитет подтвердить порядок. Участник получает расчёт проживания и подтверждающий документ; необходимо определить применимое основание льготы и действия по уже начисленной сумме.
027|Контракт предусматривает аванс 30 млн ₽ на материалы, с отдельным порядком сопровождения. Подрядчик направил реквизиты своего обычного банковского счёта и обещал отчитаться накладными позднее. Финансовый орган видит несоответствие условиям выделения денег. Участник изучает контракт, соглашение о финансировании и реквизиты до платежа, учитывая назначение средств и правила их дальнейшего движения.
028|В переписке есть согласование идеи проекта и предварительная оценка объёма помощи. Соглашение не подписано, показатели результата и условия возврата не определены. Подрядчик выставил счёт за уже начатые работы заявителя. Участник получил письма, проект порядка поддержки и подтверждение расходов; нужно отделить фактические ожидания получателя от основания бюджетного обязательства.
029|В исходной таблице одна строка содержит данные области без автономного округа, а другая — консолидированный итог с округом. Аналитик складывает обе строки и получает завышенную доходную базу. От этого расчёта зависит допустимый объём нового кредита. Участник должен проверить границы показателей, единицы и источники, сохранив возможность повторить расчёт по тем же таблицам.
030|В разрешении указаны виды ресурсов и объёмы, а журнал судна отражает меньший фактический улов. Бухгалтер уменьшил платежи пропорционально разнице и не проверил порядок расчёта сбора. Срок внесения очередной суммы приближается. Участнику переданы разрешение, журнал и расчёт; необходимо определить правовое основание базы и порядок исправления платежа при различии этих сведений.
031|В соглашении перечислены восстановительные работы и требования к подтверждению затрат. Платёж за автомобиль обнаружен при проверке промежуточного отчёта, пока большая часть помощи ещё не освоена. Получатель объясняет покупку необходимостью руководителю ездить на объект. Участник получает смету, выписки и акт осмотра; решение касается назначения расхода и дальнейшей судьбы помощи, а не общей полезности машины.
032|В учебном отчётном месяце фактически выполнено 62 рейса из 80 запланированных. Часть отмен связана с погодой, часть — с неисправностью автобуса. Порядок возмещения предусматривает расчёт подтверждённой транспортной работы. Участник получил путевые листы, расписание и заявку на субсидию; необходимо установить, какие данные использовать и как зафиксировать расхождения до перечисления средств.
033|Музей должен провести то же число выставок и экскурсий, что предусмотрено действующим заданием. Уменьшение финансирования объясняется общим желанием экономии, без изменения расчёта нормативов. Сотрудники предупреждают о закрытии части экспозиции. Участник сопоставляет задание, расчёт затрат и проект соглашения; решение требуется до уведомления учреждения о новом объёме субсидии.
034|Документ поступил с судебными реквизитами, заявлением взыскателя и сведениями о получателе. Учреждение просит «подождать переговоров», а срок дальнейших действий уже отсчитывается от поступления. В журнале входящих пока нет записи. Участник получает пакет взыскателя и письма сторон; нужно выбрать процедуру, которая обеспечивает учёт документа и исполнение применимых требований.
035|Объект включён в опубликованный перечень, а компания использовала старую карточку основных средств. После переоценки остаточная стоимость существенно ниже кадастровой. Бухгалтер предлагает продолжить прежний расчёт до конца года. Участник изучает вид объекта, перечень соответствующего периода и налоговые регистры; важно определить применимое основание базы и период расчёта, а не выгодность суммы для предприятия.
036|На участке размещены ангар, погрузочная площадка и складские договоры с несколькими клиентами. В выписке сохранено прежнее разрешённое использование, а фактическая деятельность изменилась. Собственник ссылается на старое членство в садовом товариществе. Участнику переданы акт осмотра, выписка и ставки; спор требует сопоставить правовые условия льготы с подтверждённым использованием земли.
037|У фабрики снизилась выручка, и к заявлению приложены финансовые документы и план восстановления. В администрации готовы поддержать предприятие, но налоговое решение ещё не принято. Банк просит письменное подтверждение отсрочки для кредитного соглашения. Участник получает проект письма и заявление; требуется определить компетентного адресата и дальнейший порядок рассмотрения до обещания переноса срока.
038|Фирма перечислила деньги на восстановление прибрежной территории добровольно, по отдельному соглашению. В расчёте налога бухгалтер механически вычел всю сумму из платежа, не проверив квалификацию расхода. Экологический проект подтверждён фотографиями, но это не налоговый расчёт. Участнику доступны соглашение, документы об оплате и регистры; нужно отделить общественно полезный результат от правового основания уменьшения налога.
039|Компания арендовала небольшой офис по нужному адресу, а основное производство находится за пределами заявленной деятельности. В реестре резидентов сведения о ней не найдены. Представитель просит применить льготу с даты аренды офиса. Участник получает договор, описание проекта и налоговый расчёт; необходимо проверить статус, период и условия права на специальный порядок, не ограничиваясь географическим адресом.
040|Комиссия получила четыре заявки, из которых три отклоняются только по длительности опыта. В пояснении к порядку не показано, почему выбран именно такой срок. Предприятия предлагают подтвердить качество продукции испытаниями. Участнику доступны проект критериев и сравнительная таблица заявок; решение требуется до публикации результатов отбора и должно учитывать проверяемость условий доступа к поддержке.
041|Перевозчик объединил в одном реестре доставку продуктов, туристов и собственных сотрудников. Посадочные ведомости и грузовые документы позволяют разделить рейсы. В заявке на возмещение указана общая стоимость топлива. Участник должен сопоставить цель программы с каждым рейсом и документами о затратах до принятия отчёта; географическая удалённость сама по себе не делает любой рейс субсидируемым.
042|В досье есть списки работников, задолженность по выплатам и план переобучения. Собственник просит 50 млн ₽ на «стабилизацию», без отдельных показателей использования средств. Муниципалитет опасается роста безработицы после остановки предприятия. Участник изучает цель поддержки, условия соглашения и контроль результата; требуется выбрать способ, связывающий бюджетное решение с фактическим положением работников.
043|В проекте размещения есть срок обращения, размер купона и условия досрочного погашения, но рекламная презентация не совпадает с ним. Часть слушателей воспринимает облигацию как вклад с гарантированным досрочным возвратом. Финорган получил запрос о долговой нагрузке. Участнику переданы условия займа и долговая книга; необходимо определить раскрываемую информацию и порядок исправления сообщения инвесторам.
044|В журнале продаж отдельно отражены ювелирные изделия и иная продукция мастерской. Регистрационные документы содержат несколько видов деятельности, но бухгалтер использует один налоговый расчёт для всей выручки. Контрагент запросил подтверждение режима. Участник проверяет применимость специального порядка к конкретным операциям и структуру учёта до сдачи отчётности, не делая вывод только по названию бизнеса.
045|Комиссия объехала часть улиц, но один адрес перенесён в список по устному сообщению. Фотографии этого дома не подтверждают повреждений, а владелец просит выплатить помощь вместе с соседями. Срок первого перечисления назначен на пятницу. Участнику доступны акты, фотографии и критерии помощи; необходимо определить, как проверить конкретный адрес и сохранить законное рассмотрение остальных заявок.
046|В соглашении установлен срок использования, отчётность и порядок подтверждения потребности на следующий год. На счёте осталось 8 млн ₽, работы по одному контракту ещё не закончены. Бухгалтер считает остаток свободным ресурсом для новых расходов. Участник получает акт сверки, контракт и письмо получателя; решение касается дальнейшего использования целевых денег и оформления требуемых подтверждений.
047|Объект находится на территории муниципалитета, но заказчиком и носителем полномочия указан региональный орган. Местный совет готов включить стройку в свой перечень расходов уже сегодня. Регион не передал ни обязательство, ни финансовое обеспечение. Участник изучает договоры, реестр полномочий и проект бюджета; необходимо установить надлежащую процедуру взаимодействия уровней власти до появления нового расхода.
048|В соглашении указаны новые рабочие места и сроки сохранения занятости. Компания представила 30 договоров услуг с внешними исполнителями вместо сведений о 30 новых работниках. При этом отчёт включает прежний штат как дополнительный результат проекта. Участнику доступны трудовые сведения и условия поддержки; необходимо определить, какой показатель подтверждён и как оценить выполнение соглашения.
049|Прогноз доходов рассчитывается по мощности будущего участка и максимальной цене металла. Компания ещё проходит процедуру получения права пользования недрами и не утвердила график добычи. В расходном плане уже назначены обязательства под весь прогнозируемый поток. Участник получает лицензирующее досье и несколько ценовых сценариев; задача — оценить подтверждённость предпосылок до утверждения источника покрытия дефицита.
050|Организация получила отчёт оценщика с иной стоимостью и направила обращение о пересмотре. Решение компетентного органа по этому обращению ещё не принято, а срок платежа наступил. Бухгалтер исключил налог из платёжного календаря полностью. Участнику переданы действующие сведения, обращение и расчёт; необходимо определить порядок действий в период спора и условия последующего перерасчёта.
051|Контракт предусматривает доставку материалов в несколько портов и фиксированную цену. Подрядчик приложил новые тарифы перевозчиков, но не указал норму и обстоятельство, допускающие изменение соглашения. Часть поставки уже выполнена по прежней цене. Участник получает контракт, график и расчёт логистики; необходимо определить порядок рассмотрения требования до оформления дополнительного соглашения.
052|Перевозчик сравнивает фактическую выручку с максимальной загрузкой депо и объявляет всю разницу убытком. В расчёт включены направления, не относящиеся к льготному проезду. Финорган должен подготовить платёж на следующей неделе. Участнику переданы данные перевозок и проект акта; задача — проверить основание, границы и метод определения компенсируемого расхода.
053|Проверяемый сотрудник самостоятельно составлял документы, подтверждал платежи и исправлял выявленные расхождения. Начальник считает, что он лучше всех знает материалы проверки. Отдельная функция оценки эффективности должна дать независимый вывод. Участник получил положение об аудите и перечень операций; необходимо выбрать состав и организацию проверки, сохранив возможность достоверно оценить результат.
054|Соглашение предусматривает прототип, результаты испытаний и отчёт об использовании 5 млн ₽. Получатель подготовил красивую презентацию, но испытания не завершил. В ведомстве опасаются пропустить срок представления отчёта по программе. Участник изучает календарь, показатели и фактические материалы; необходимо определить, какое подтверждение результата допустимо и как рассмотреть просьбу об изменении условий.
055|В финансовой модели одна и та же линия очистки включена в два источника полного возмещения. Инвестор показывает разные наименования затрат, однако заводской номер оборудования совпадает. Общая сумма поддержки превышает подтверждённую стоимость объекта. Участнику переданы соглашения и финансовая модель; важно проверить движение конкретных расходов до утверждения очередного перечисления.
056|В добычном отчёте отдельно указаны газ, конденсат и нефть. Бухгалтер взял одну формулу из прежней декларации для всех видов сырья. Технический специалист предупреждает, что показатели добычи и характеристики участков различаются. Участник получает лицензионные сведения и расчёт; решение требует сопоставить каждый вид полезного ископаемого с применимым порядком определения налога.
057|Электронная система сохранила время приёма заявки до опубликованного окончания отбора. Новая дата отсутствует на официальной странице и в нормативном порядке. Секретарь комиссии предлагает удалить запись как позднюю, чтобы не переделывать протокол. Участнику переданы извещение, подтверждение отправки и журнал заявок; необходимо определить дальнейшее рассмотрение и документирование решения.
058|Лизинговый график отделяет плату за пользование, выкупную стоимость и неустойку. Предприятие объединило три суммы в одну строку подтверждённых затрат на оборудование. В соглашении о поддержке описаны допустимые платежи и период возмещения. Участнику нужно сопоставить документы с этими условиями до расчёта субсидии, сохранив возможность объяснить каждое включение и исключение.
059|Инвестор рассчитывает окупаемость объекта на основании обещанной ставки земельного налога. Муниципальный совет ранее обсуждал её изменение, но не участвовал в подписании регионального соглашения. В письме предприятию обещаны компенсации при любом росте налога. Участник получил соглашение и местный акт; необходимо установить компетенцию участников и пределы принимаемых обязательств.
060|Местный совет подтвердил необходимость ремонта, однако ремонтный контракт ещё не заключён. Регион направляет 20 млн ₽ с формулировкой «на помощь району», без уточнения порядка использования и отчётности. В проекте местного бюджета расход пока не отражён. Участник получает документы собственности, смету и письмо финансиста; нужно определить правовую форму передачи денег до начала работ.
061|Поставщики из соседних областей готовы выполнить условия поставки и обслуживания. Заказчик объясняет ограничение заботой о региональной занятости, но предмет закупки не связан с местом регистрации фирмы. Жалоба поступила до окончания приёма заявок. Участнику переданы извещение и проект документации; требуется определить действие до подведения итогов конкурса.
062|В публичной таблице указано 100% освоения по программе, хотя казначейские платежи составили 72% ассигнований. Оставшиеся деньги не ушли из-за непредставленных актов подрядчика. Доклад на слушаниях подготовлен по плановой ведомости. Участник должен сопоставить план, принятые обязательства и кассовое исполнение, чтобы определить корректные показатели отчёта и содержание пояснений.
063|Заявитель предлагает модернизировать производство и приложил расчёт будущих платежей. Проект налогового кредита предусматривает срок, проценты и порядок возврата; проект субсидии — бюджетное перечисление с иными условиями. В служебной записке оба инструмента записаны одной суммой «помощи». Участнику нужно определить различия правовых последствий до выбора механизма и подготовки документов.
064|Учреждение хочет зарезервировать оборудование на 24 месяца и договориться о платежах в двух финансовых годах. Текущие лимиты покрывают только первую часть цены. В документах нет решения или иного применимого основания долгосрочного обязательства. Участник получает проект договора и бюджетные показатели; необходимо проверить возможность принятия всего обязательства до подписания.
065|В соглашении предусмотрены особый порядок учёта продукции, компенсационные расходы и распределение долей. Финансист переносит в прогноз стандартный расчёт по другой добывающей компании. В результате один поток записан сразу в два вида поступлений. Участник получает текст соглашения и ведомость добычи; задача — установить применимую схему и проверить отсутствие двойного счёта доходов.
066|Предприятие просит залог склада казны для продления банковского кредита. Оценка объекта и перечень допустимых операций не приложены, а подписант письма не управляет этим имуществом. В случае взыскания регион потеряет используемый склад. Участнику переданы запрос банка и реестр собственности; требуется определить уполномоченное решение и оценку обязательств до предоставления обеспечения.
067|Договор пожертвования предусматривает 2 млн ₽, но связывает использование денег с покупкой по указанной цене. Аналогичный товар другого поставщика стоит существенно дешевле. Учреждение считает, что без бюджетного источника закупочные требования не применяются. Участник изучает условия дара, режим учреждения и предложения рынка до принятия денег и обязательств по их расходованию.
068|Жители выбрали освещение пешеходного маршрута и собрали подтверждения поддержки проекта. В новом плане администрации вместо него указана площадка у другого здания. Авторы инициативы узнали об изменении из объявления подрядчика. Участнику доступны протокол отбора и проект финансирования; необходимо определить порядок информирования и изменения решения до заключения контракта.
069|Гарантия содержит определённый объём ответственности и действует до погашения кредита. Предприятие пока исправно вносит платежи, поэтому финансист предлагает не учитывать риск в долговой книге. Новый заём рассчитывается по уменьшенному показателю нагрузки. Участник получает гарантию и расчёт предельного долга; нужно установить, как учитывать существующее обязательство до решения о заимствовании.
070|Прототип создан преподавателями университета и сотрудниками компании по разным соглашениям. В заявке на участие региона указано будущее владение долей, но договоры об интеллектуальных правах не представлены. Оценка стоимости технологии основана на ожиданиях продаж. Участник изучает состав участников и документы прав; необходимо определить подтверждения для решения о бюджетном вложении.
071|Оборудование поступило на три недели позже срока, что подтверждается складским журналом. Поставщик сослался на давнее знакомство с руководителем и попросил закрыть вопрос письмом. Юрист не нашёл документов о законном освобождении или списании. Участник получает контракт и даты исполнения; решение касается надлежащего рассмотрения ответственности и фиксации основания выбранного действия.
072|На слайде для публичного обсуждения отсутствует подпись о составе территории и бюджетов. Читатели сравнивают полученную сумму с доходами отдельного субъекта за прошлый год. В рабочей таблице сведения автономных округов выделены отдельно. Участник должен определить корректное название агрегата и расчёт, чтобы не смешивать областной бюджет с консолидированными показателями.
073|Заявитель и владелец оборудования имеют разные идентификационные номера и отдельные договоры. Документ оплаты представлен дочерней организацией, а субсидию просит головная компания. В условиях программы возмещаются затраты конкретного получателя. Участник получает реестр группы и первичные документы; нужно проверить, чьи расходы подтверждены и какой пакет может быть принят.
074|Проектировщик добавил новый корпус и изменил технические решения после экспертизы. Подрядчик представил дополнительную смету на 16 млн ₽ сверх первоначального обеспечения. В казначейство направлена заявка по прежнему объекту и цене. Участнику переданы версии проекта и финансовое решение; необходимо определить последовательность оформления изменений до перечисления увеличенной суммы.
075|Работодатель оплатил жильё работникам по отдельной программе переезда и включил платежи в общий зарплатный регистр. В трудовых документах отражено основание предоставления жилья, но бухгалтер не проверил категорию выплаты. Работники запросили расчёт удержания. Участник сопоставляет документы программы, выплаты и применимые условия налогообложения до формирования отчётности.
076|Письмо устанавливает ежемесячный платёж для всех владельцев вывесок без договора об услуге. В акте отсутствуют налоговая база, плательщики и законное основание нового налога. Предпринимателю угрожают отказом в согласовании вывески при неоплате. Участник получает письмо и документы размещения; необходимо определить природу требования и порядок действий по конкретному заявлению.
077|Торговый зал занимает 80 м² в здании площадью 900 м², где есть офисы и склад другого арендатора. В расчёт перенесена площадь всей недвижимости из общей выписки. Вид и расположение торгового объекта подтверждены договором. Участник получает план помещений и сведения об использовании; требуется проверить выбранную категорию и соответствующие параметры расчёта сбора.
078|Здание находится в частной собственности и включено в перечень охраняемых объектов. Смета предусматривает реставрацию фасада, но проект соглашения не определяет содержание результата и последующий контроль. Собственник намерен менять элементы декора по своему проекту. Участнику переданы охранные документы и смета; нужно оценить условия передачи денег и исполнения обязательств по сохранению объекта.
079|Подрядчик приложил неподписанный акт и фотографии, часть которых относится к другому помещению. Ответственный за приёмку ещё не осмотрел выполненные работы. Бухгалтер готовит платёж, чтобы успеть до конца месяца. Участник получает контракт, акт и материалы осмотра; необходимо определить подтверждённость исполнения и дальнейшие документы до перечисления средств.
080|В бюджетном проекте поселения доля налога включена как уже действующий норматив. Региональный представитель обсуждал её на совещании, но акт не опубликован. Объём расходов сформирован под ожидаемый доход. Участник изучает действующие нормативы и протокол совещания; нужно определить правовое основание изменения и корректный момент отражения поступления в плане.
081|Получатель выполняет согласованные показатели и представил промежуточный отчёт. В новом письме ведомство добавило требования к числу работников, которых не было при заключении соглашения. За отказ обещают приостановить платёж. Участник получает обе версии условий и документы отбора; требуется оценить допустимость изменения и порядок рассмотрения позиции получателя.
082|Поставка должна пройти по отдельному календарю до закрытия навигации. В заявке объединены основные товары завоза и коммерческая партия оборудования, не включённая в утверждённый план. Накладные подтверждают только часть груза. Участник изучает план, договор и перевозочные документы; нужно установить объём допустимого финансирования и необходимые подтверждения до платежа.
083|В соглашении определены конкретный получатель и его обязанности по отчёту. Новая фирма предлагает принять деньги и рассчитаться с подрядчиком, но не входит в договорные отношения. Получатель объясняет смену счёта исполнительными ограничениями. Участнику переданы реквизиты, соглашение и сведения об ограничении; необходимо определить допустимость перечисления и предусмотренный порядок дальнейших действий.
084|Гостиница фактически размещает гостей и отражает доходы, а заявка на включение в реестр находится на рассмотрении. В служебной записке смешаны условия конкретного налога и отсутствие любых обязанностей бизнеса. Администратор просит отменить все расчёты. Участник получает документы объекта, период деятельности и налоговые регистры; необходимо отдельно проверить применимость каждого обязательства.
085|Договор устанавливает срок пользования и порядок возврата участка без передачи собственности. Выписка подтверждает другого собственника, а налоговый расчёт составлен по общей карточке имущества организации. Бухгалтеру требуется ответ до платежа. Участник получает договор и выписку; нужно установить статус пользователя и применимые условия признания плательщиком, а не исходить из самого факта нахождения на земле.
086|В учебном соглашении определены насосная станция, трубы и контроль восстановления подачи воды. Позиция о мебели появилась в последней версии сметы без изменения цели помощи. На неё предусмотрено 1,2 млн ₽. Участник сравнивает версии сметы и перечень результатов; необходимо проверить связь конкретной затраты с соглашением до утверждения финансирования.
087|В досье отражены дата регистрации организации, период операции и начало применения отдельных норм. Бухгалтер скопировал расчёт компании из другого субъекта, не учитывая эти даты. Документы о статусе получены до сдачи отчётности. Участник сопоставляет период, территориальные правила и конкретную операцию; выбор должен опираться на действующее для этого случая регулирование.
088|Орган получает дополнительные заявления по расширенному перечню услуг, но финансирование рассчитано на прежний объём. Исполнители предлагают сократить сроки других обязательных работ, чтобы уложиться в сумму. В проекте передачи полномочия отсутствует новый расчёт затрат. Участник получает перечень функций и норматив расходов; необходимо определить порядок финансового обеспечения изменённого объёма.
089|Восстанавливаемый объект числится в нескольких старых реестрах с различными сведениями о владельце. Организация предлагает принять средства как будущий оператор, но её права не оформлены. Проект предусматривает капитальные вложения, а не текущую услугу. Участнику переданы выписки и смета; необходимо установить законного получателя, объект и основание вложения до принятия обязательства.
