Заповедный грант|В Адыгее грант экотуристической фирме предложено перечислить до отбора получателей: сезон начинается завтра, а критерии комиссии ещё не опубликованы.|БК РФ, статья 78|Опубликовать порядок отбора и провести его до перечисления средств
Заводская льгота|В Башкортостане губернатор обещает конкретному заводу освободить прибыль от налога письмом администрации. Регионального закона о льготе нет.|НК РФ, статьи 12, 56|Подготовить законную категориальную меру и оценку выпадающих доходов
Байкальское софинансирование|В Бурятии федеральная субсидия на очистные требует регионального софинансирования. В проекте бюджета этой строки нет, подрядчик просит аванс.|БК РФ, статьи 38, 139|Обеспечить софинансирование и бюджетные полномочия до заключения обязательства
Курортные дни|В Республике Алтай муниципальный совет предлагает туристический налог 5% уже в 2026 году. Отель включил сумму в новый прайс.|НК РФ, глава 33.1|Привести ставку 2026 года к допустимому пределу и исправить расчёты
Целевой водопровод|В Дагестане субвенцию на переданное полномочие хотят направить на городской фонтан. Администрация ссылается на одинаковую водную тематику.|БК РФ, статьи 38, 140|Сохранить целевое назначение субвенции и найти иной источник для фонтана
Смета школы|Казённая школа Ингушетии принимает обязательство на ремонт сверх доведённых лимитов. Директор обещает закрыть разницу будущей платной кружковой работой.|БК РФ, статьи 161, 219|Увязать обязательство со сметой и лимитами бюджетных обязательств
Сезонный канат|В Кабардино-Балкарии концессионер канатной дороги требует гарантию доходности на 15 лет. Будущие выплаты не включены в бюджетный прогноз.|БК РФ, статья 83; Закон № 115-ФЗ|Оценить долгосрочные обязательства и оформить допустимую концессионную процедуру
Пастбище и кадастр|В Калмыкии земли сельскохозяйственного назначения используют по назначению. Муниципалитет начислил земельный налог по ставке 1,5% без проверки категории.|НК РФ, статья 394|Проверить категорию и применение специального предела ставки
Грант родственнику|В Карачаево-Черкесии член комиссии по субсидиям рассматривает заявку фирмы своего брата и участвует в оценивании. Это обнаружено до утверждения протокола.|Закон № 273-ФЗ, статьи 10–11|Зафиксировать конфликт интересов и исключить участие заинтересованного члена
Лесной доход|В Карелии предлагают оставить в местном бюджете все платежи по аренде лесных участков независимо от принадлежности участка и норм зачисления.|БК РФ, нормы неналоговых доходов|Разделить виды платежей и применить надлежащие нормативы зачисления
Северный резерв|В Коми резервный фонд исполнительной власти хотят использовать для ежегодного планового праздника. Непредвиденных обстоятельств не возникло.|БК РФ, статья 81|Финансировать плановое мероприятие через предусмотренные бюджетные ассигнования
Цифровое имущество|В Марий Эл бухгалтер включил права на программу для ЭВМ в базу налога на имущество организаций наряду с недвижимостью.|НК РФ, статья 374|Разделить объекты учёта и исключить не являющееся объектом налога имущество
Спорная дотация|В Мордовии муниципалитет получает дотацию на выравнивание. Региональный чиновник требует вернуть её за несогласованный цвет благоустройства.|БК РФ, статьи 6, 138|Проверить правовой режим дотации и основания бюджетных мер
Тепло на мерзлоте|В Якутии авария теплотрассы требует срочного ремонта. Управление хочет применить закупку у единственного поставщика без описания аварии и объёма срочных работ.|Закон № 44-ФЗ, статья 93|Документировать аварийные обстоятельства и ограничить закупку необходимым объёмом
Гарантия футбольному клубу|В Северной Осетии предлагают государственную гарантию по кредиту клуба без анализа финансового состояния принципала и бюджетного оформления.|БК РФ, статьи 115–115.2|Проверить условия гарантии, финансовое состояние и бюджетные ограничения
Платёж за станок|В Татарстане промышленная субсидия возмещает покупку оборудования. Заявитель представил один и тот же счёт для двух программ возмещения.|БК РФ, статья 78|Проверить недопустимость двойного возмещения и фактические затраты
Дорога в долг|В Тыве банк предлагает кредит, после которого плановый долг превысит допустимый для конкретного региона предел. Ответственный сравнил только процентную ставку.|БК РФ, статьи 106–107|Рассчитать объём долга и соблюдение применимых ограничений до заимствования
Оружейный заказ|В Удмуртии открытый конкурс на поставку содержит сведения ограниченного доступа. Заказчик намерен опубликовать весь технический пакет вместе с извещением.|Закон № 44-ФЗ, специальные закрытые процедуры|Отделить защищённые сведения и выбрать надлежащую процедуру закупки
Угольный вычет|В Хакасии предприятие просит уменьшить НДПИ на расходы, не подтверждённые документами и не относящиеся к предусмотренному вычету.|НК РФ, глава 26|Проверить условия вычета и документальную связь расходов
Кассовый разрыв|В Чечне временно не хватает денег на уже предусмотренные обязательства. Участник называет кассовый разрыв новым дефицитом бюджета и предлагает отменить все расходы.|БК РФ, исполнение бюджета|Разделить временную ликвидность и годовой дефицит, выбрать допустимое финансирование
Экспортный аванс|В Чувашии завод получил аванс от иностранного покупателя. Бухгалтер автоматически применил нулевой НДС ко всем внутренним продажам этого месяца.|НК РФ, статьи 164–165|Разделить операции и подтверждение права на нулевую ставку
Агростраховой платёж|В Алтайском крае возмещение агростраховых затрат заявляет хозяйство без действующего договора страхования. Оно предлагает позже донести полис.|БК РФ, статья 78; Закон № 260-ФЗ|Проверить обязательные условия поддержки до признания расходов допустимыми
Пляжная плата|В Краснодарском крае администрация вводит обязательный сбор за проход к общедоступному берегу, называя его неналоговым доходом бюджета.|Водный кодекс РФ, статья 6|Сохранить предусмотренный законом доступ и проверить законность платежа
Нефтяная цена|Красноярский край включил разовое поступление от продажи имущества в постоянную базу финансирования зарплат. Следующие три года продажи не ожидается.|БК РФ, принципы достоверности и сбалансированности|Разделить разовые доходы и устойчивые источники постоянных обязательств
Портовая льгота|В Приморском крае инвестору обещано освобождение от всех федеральных налогов региональным соглашением. Заявитель просит заверить обещание печатью.|НК РФ, статьи 12, 56|Указать только предусмотренные законом льготы и пределы региональной компетенции
Минеральный курорт|В Ставропольском крае гостиница начисляет туристический налог человеку, подпадающему под федеральное освобождение, поскольку совет не продублировал льготу.|НК РФ, глава 33.1|Применить непосредственно действующее освобождение при наличии основания
Мостовой эскроу|В Хабаровском крае аванс подрядчику направляют на обычный счёт, хотя условия финансирования требуют казначейского сопровождения.|БК РФ, казначейское сопровождение|Проверить обязательный режим сопровождения и порядок перечисления аванса
Неподписанная субсидия|В Амурской области субсидию обещали устно. Получатель уже начал строительство и требует перечислить деньги без соглашения и проверок условий.|БК РФ, статья 78|Оформить предусмотренное основание поддержки и проверить условия до выплаты
Ненецкий знаменатель|Архангельская область сравнивает показатели долга с доходами, включая показатели автономного округа дважды. Расчёт используют для предельного заимствования.|БК РФ, статьи 107–111|Уточнить состав сопоставимой базы доходов и исключить двойной счёт
Каспийская квота|В Астраханской области фирма получила разрешение на водные биоресурсы, но рассчитывает сбор по вылову вместо показателей, установленных для этого разрешения.|НК РФ, глава 25.1|Проверить объект, ставки и порядок уплаты по разрешению
Восстановление склада|В Белгородской области чрезвычайная помощь выделена на восстановление склада. Получатель направил её на приобретение нового автомобиля руководителя.|БК РФ, статьи 38, 78|Проверить целевое использование и предусмотренный порядок возврата средств
Пограничный автобус|В Брянской области транспортную субсидию рассчитывают за рейсы, которые отменены. Перевозчик представил плановое расписание вместо фактических данных.|БК РФ, статья 78|Сверить исполненные рейсы с условиями субсидии и скорректировать возмещение
Музей без задания|Во Владимирской области бюджетному музею уменьшают субсидию на задание, не меняя объём задания и не обосновывая изменение нормативных затрат.|БК РФ, статья 78.1|Согласовать изменение задания, затрат и финансирования по установленной процедуре
Судебный лист|В Волгоградской области казначейство получило исполнительный документ о взыскании с бюджетного учреждения. Финорган предлагает оставить его без регистрации.|БК РФ, исполнение судебных актов|Применить надлежащий порядок исполнения и проверки исполнительного документа
Стальная переоценка|В Вологодской области завод рассчитывает налог на имущество по остаточной стоимости объекта, для которого применима кадастровая база и утверждённый перечень.|НК РФ, статья 378.2|Проверить включение объекта в перечень и предусмотренную налоговую базу
Садовый гектар|В Воронежской области участок фактически используется для коммерческого склада, хотя заявитель требует льготной ставки как для садоводства.|НК РФ, статья 394|Установить применимые условия ставки и фактическое использование участка
Текстильная отсрочка|В Ивановской области фабрика просит налоговую отсрочку. Администрация предлагает сама подписать её вместо уполномоченного налогового органа.|НК РФ, главы 9–10|Подготовить обращение и документы в компетентный орган
Байкальский ущерб|В Иркутской области предприятие предлагает зачесть добровольный экологический платёж в счёт налога на прибыль без предусмотренного правового основания.|НК РФ, глава 25|Разграничить платёж, признание расходов и основания налогового уменьшения
Особая зона|В Калининградской области фирма требует льготу особой экономической зоны только по месту адреса. Статус резидента и условия деятельности не подтверждены.|Закон № 16-ФЗ; НК РФ|Проверить статус резидента и конкретные условия применения льготы
Кластерный конкурс|В Калужской области условия гранта требуют опыт производства изделия ровно 17 месяцев. Ограничение совпадает с опытом одной фирмы и не обосновано целью поддержки.|БК РФ, статья 78; Закон № 135-ФЗ|Пересмотреть необоснованные условия отбора и обеспечить конкуренцию
Рыбный рейс|На Камчатке субсидируют доставку продуктов в труднодоступные районы. В отчёт перевозчика включены коммерческие туристические рейсы без доставки.|БК РФ, статья 78|Отделить субсидируемые затраты от иных рейсов и проверить первичные документы
Шахтёрский переход|В Кузбассе планируют закрыть шахту с задолженностью по зарплате. Помощь регионального бюджета предложено перечислить собственнику без условий защиты работников.|БК РФ, статья 78; ТК РФ|Связать поддержку с законными целями, условиями и контролем обязательств
Лесной купон|Кировская область выпускает облигации, но в презентации замалчивает условия погашения и объём действующего долга. Инвесторам предлагают устное обещание досрочного выкупа.|БК РФ, государственные заимствования|Раскрыть условия выпуска и проверить включение обязательств в долговой учёт
Ювелирная касса|В Костромской области малый бизнес смешивает выручку ювелирной торговли с деятельностью, для которой специальный режим допустим, и применяет его ко всем операциям.|НК РФ, специальные налоговые режимы|Проверить ограничения режима и организовать раздельный учёт
Курганский паводок|В Курганской области на восстановление после паводка перечисляют помощь по списку домов без обследования повреждений. В списке есть непострадавший объект.|БК РФ, целевой характер расходов|Подтвердить основания, объём ущерба и критерии помощи
Неиспользованный остаток|Курская область получила целевой межбюджетный трансферт, который не использован к концу года. Чиновник предлагает автоматически потратить его в следующем году без решения о потребности.|БК РФ, статья 242|Проверить порядок возврата остатка и возможность подтверждения потребности
Склад агломерации|В Ленинградской области муниципалитет хочет перенести чужую региональную стройку в свой бюджет, не получив передачи полномочий и источника финансирования.|Конституция РФ, статья 132; БК РФ|Установить компетенцию, форму передачи и финансовое обеспечение
Инвестор без прибыли|В Липецкой области поддержку обещают за прирост рабочих мест. Фирма заменяет показатель занятости числом заключённых договоров услуг с подрядчиками.|БК РФ, статья 78|Применить утверждённое определение показателя и проверить выполнение условия
Золотой резерв|Магаданская область хочет покрыть дефицит прогнозом добычи по лицензии, которую компания ещё не получила. Доход включён как гарантированный.|БК РФ, статья 37|Сформировать обоснованный прогноз и отдельно показать неопределённый сценарий
Кадастровое возражение|В Московской области компания считает кадастровую стоимость ошибочной и полностью прекращает уплату налога, не используя процедуру оспаривания и перерасчёта.|НК РФ; Закон № 237-ФЗ|Использовать процедуру пересмотра стоимости и законный порядок налоговых расчётов
Арктический подряд|В Мурманской области цену долгосрочного контракта увеличивают письмом подрядчика из-за логистики. Основание изменения условий контракта не проверено.|Закон № 44-ФЗ, статья 95|Проверить допустимость изменения контракта и требуемое оформление
Компенсация депо|В Нижегородской области перевозчику выплачивают компенсацию по неподтверждённой оценке выпадающих доходов. Методика расчёта отсутствует в акте.|БК РФ, статья 78|Определить прозрачную методику, подтверждения и условия выплаты
Новгородский аудит|В Новгородской области внутренний финансовый аудит поручают тому же сотруднику, который единолично проводил проверяемые операции и должен оценить собственные ошибки.|БК РФ, внутренний финансовый аудит|Обеспечить независимость оценки и надлежащее распределение функций
Научный аванс|В Новосибирской области грант на исследования требует результатов и отчётности. Получатель просит заменить научный результат рекламным роликом без изменения соглашения.|БК РФ, статья 78|Проверить соответствие результата условиям и законно оформить допустимые изменения
Омская концессия|В Омской области концессионный объект хотят оплатить одновременно полностью из бюджета и через компенсацию тех же затрат инвестору по другому соглашению.|Закон № 115-ФЗ; БК РФ|Исключить двойное финансирование и проверить структуру обязательств
Газовый расчёт|В Оренбургской области добывающая компания применяет нефтяной коэффициент к природному газу без проверки специальных правил расчёта НДПИ.|НК РФ, глава 26|Рассчитать налог по нормам для соответствующего полезного ископаемого
Орловский отбор|В Орловской области заявка на субсидию подана в срок, но комиссия исключила её из-за устного указания перенести приём на день раньше.|БК РФ, статья 78|Применить опубликованные условия и восстановить надлежащую процедуру отбора
Пензенский лизинг|В Пензенской области субсидия возмещает лизинговые платежи. В заявку включён выкуп объекта и штраф за просрочку, хотя эти затраты не названы допустимыми.|БК РФ, статья 78|Разделить компоненты платежа и возмещать только предусмотренные расходы
Пермское соглашение|В Пермском крае регион подписывает инвестиционное соглашение, обещая неизменность местного налога, ставку которого устанавливает муниципальный представительный орган.|НК РФ, статья 12|Разделить компетенцию уровней и исключить неподтверждённое обещание
Псковский мост|В Псковской области мост принадлежит муниципалитету, а регион выделяет средства без определения вида межбюджетного трансферта, цели и условий.|БК РФ, межбюджетные трансферты|Выбрать надлежащую форму трансферта и закрепить условия финансирования
Ростовская закупка|В Ростовской области заказчик требует в конкурсе, чтобы участник был зарегистрирован только в этом регионе, хотя законного основания ограничения нет.|Закон № 44-ФЗ; Закон № 135-ФЗ|Убрать территориальную дискриминацию и обеспечить законные требования
Рязанская отчётность|В Рязанской области общий отчёт об исполнении бюджета показывает планы вместо кассовых расходов. Пояснение о задержке платежей убрано перед слушаниями.|БК РФ, отчётность и открытость|Представить достоверные показатели исполнения и объяснить отклонения
Самарский налоговый кредит|В Самарской области организация просит инвестиционный налоговый кредит. Ей предлагают обычную беспроцентную субсидию, называя обе меры одинаковыми.|НК РФ, статьи 66–68|Разделить инструменты и проверить условия именно налогового кредита
Саратовский контракт|В Саратовской области учреждение заключает контракт на будущий год, игнорируя ограничения принятия обязательств и наличие предусмотренного многолетнего основания.|БК РФ, статья 72|Проверить законное основание многолетнего обязательства и лимиты
Сахалинская доля|Сахалинская область рассчитывает доходы по проекту раздела продукции как по обычной системе НДПИ и налога на прибыль, не проверяя соглашение.|НК РФ, глава 26.4|Применить специальный режим соглашения о разделе продукции
Уральский залог|В Свердловской области имущество казны хотят передать в залог по долгу частного предприятия одним служебным письмом без полномочий и оценки последствий.|БК РФ; нормы управления публичным имуществом|Проверить компетенцию, допустимость обеспечения и установленную процедуру
Смоленское пожертвование|В Смоленской области учреждению предлагают пожертвование с условием закупать товар только у жертвователя по завышенной цене. Условие противоречит цели и процедуре расходования.|ГК РФ, статья 582; Закон № 44-ФЗ|Проверить условия пожертвования и сохранить законную закупочную процедуру
Тамбовский бюджет участия|В Тамбовской области жители выбрали проект. Администрация подменила его другим объектом без информирования и предусмотренного пересмотра инициативного проекта.|Законодательство об инициативных проектах; БК РФ|Применить процедуру изменения проекта и обеспечить участие инициаторов
Тверская гарантия|В Тверской области гарантия уже выдана и учтена, но при расчёте долговых обязательств её исключают, потому что кредитор ещё не предъявил требование.|БК РФ, состав государственного долга|Учитывать гарантию в соответствии с правовым режимом обязательства
Томская интеллектуальная собственность|В Томской области университетский стартап просит бюджетную инвестицию. Организация не определила собственника прав на технологию и основания участия региона.|БК РФ, статьи 79–80; ГК РФ|Проверить права, форму инвестирования и условия участия публичного образования
Тульская неустойка|В Тульской области поставщик сорвал поставку оборудования. Заказчик прощает неустойку только из-за дружеского письма без предусмотренного законом основания.|Закон № 44-ФЗ, статья 34|Применить правила ответственности и проверить допустимые основания освобождения
Тюменский знаменатель|Тюменская область сводит собственные доходы с доходами автономных округов и публикует итог как доход именно областного бюджета, не консолидированного.|БК РФ, статья 6|Разделить бюджет области и консолидированные показатели
Ульяновский самолёт|В Ульяновской области авиапредприятию компенсируют затраты на оборудование. Приложенный акт относится к другому юридическому лицу группы.|БК РФ, статья 78|Проверить получателя, понесённые им затраты и первичные документы
Челябинская реконструкция|В Челябинской области проект реконструкции бюджетного объекта изменён так, что выросла стоимость. Получатель просит перечислить превышение без изменения бюджетного решения.|БК РФ, статья 79|Уточнить инвестиционное решение, финансирование и законные основания изменения
Забайкальский ваучер|В Забайкальском крае компенсацию проживания для работников предлагают обложить НДФЛ как зарплату без проверки установленной законом льготы и характера выплаты.|НК РФ, статья 217|Квалифицировать выплату и проверить конкретное освобождение
Ярославская территория|В Ярославской области сбор за размещение вывески назван налогом и вводится письмом департамента. В НК такой налог не предусмотрен.|НК РФ, статьи 12–15|Проверить правовую природу платежа и исключить установление непредусмотренного налога
Московский торговый объект|В Москве предприниматель рассчитывает торговый сбор по площади всего здания, хотя использует отдельный объект торговли и должен учитывать конкретную категорию.|НК РФ, глава 33|Установить объект обложения и применимую ставку сбора
Петербургский фасад|В Санкт-Петербурге бюджетное финансирование реставрации предлагают выдать собственнику без обязательств по сохранению объекта культурного наследия и контролю результата.|Закон № 73-ФЗ; БК РФ, статья 78|Связать поддержку с требованиями охраны и проверяемыми условиями результата
Биробиджанское исполнение|В Еврейской автономной области платёж оформляют на основании неподписанного акта выполненных работ. Получатель уверяет, что подпись появится после перечисления.|БК РФ, статья 219|Подтвердить денежное обязательство надлежащими документами
Ненецкий норматив|В Ненецком автономном округе местному бюджету обещают определённую долю дохода, но не оформляют предусмотренный акт о дополнительном нормативе отчисления.|БК РФ, нормативы отчислений|Проверить компетенцию и закрепить норматив в надлежащем акте
Югорское соглашение|В Югре соглашение о субсидии подписано. Сотрудник позже требует новые обязательства получателя, которых нет в соглашении и нормативном порядке.|БК РФ, статья 78|Применить действующие условия и процедуру допустимого изменения соглашения
Чукотский северный завоз|На Чукотке средства на северный завоз предлагается перечислить организации без проверки включения расходов в план завоза и подтверждения поставки.|Законодательство о северном завозе; БК РФ|Проверить план, полномочия, подтверждения и условия финансирования
Ямальский платёж|На Ямале имущество получателя субсидии арестовано, но он просит перечислить деньги на счёт другой фирмы, не указанной в соглашении.|БК РФ, статья 78|Проверить условия перечисления и допустимость изменения получателя платежа
Крымский гостиничный реестр|В Республике Крым объект размещения не внесён в надлежащий реестр. Муниципалитет автоматически считает отсутствие записи освобождением от любого налогового обязательства.|НК РФ, глава 33.1|Проверить объект, применимые правила реестра и переходные условия 2026 года
Севастопольская земля|В Севастополе участок передан организации в безвозмездное пользование. Бухгалтер начисляет земельный налог как при собственности без проверки объекта и плательщика.|НК РФ, статья 388|Установить право на участок и наличие статуса налогоплательщика
Донецкая восстановительная смета|Для учебного сценария Донецкой территории выделена целевая помощь на восстановление водоснабжения. Смета включает мебель администрации, не связанную с проектом.|БК РФ, статья 38|Исключить расходы вне цели трансферта и подтвердить связь остальных затрат
Луганский переходный учёт|В учебном сценарии Луганской территории организация применяет обычную налоговую норму, не проверив предусмотренное переходное регулирование по периоду и статусу.|НК РФ, специальные переходные положения|Установить период, статус и применимую редакцию переходных норм
Херсонская субвенция|В учебном сценарии Херсонской территории переданное государственное полномочие расширяют, но размер субвенции и норматив затрат не пересматривают.|Конституция РФ, статья 132; БК РФ, статья 140|Соотнести переданное полномочие с предусмотренным финансовым обеспечением
Запорожская стройка|В учебном сценарии Запорожской территории финансируют восстановление объекта, не установив собственника, получателя и законное основание бюджетной инвестиции.|БК РФ, статьи 79–80|Установить права на объект и надлежащую форму бюджетного вложения
