Обратная сила взыскания|Ведомство увеличило административный штраф после совершения нарушения. Инспектор применяет новую, более высокую сумму к старому эпизоду. Дело ещё не рассмотрено.|КоАП РФ, статья 1.7; Конституция РФ, статья 54.|Применить закон, действовавший при совершении нарушения; более строгая ответственность обратной силы не имеет.
Письмо вместо нормативного акта|Министерство разослало письмо с обязательным сбором за разрешение. Закон не предусматривает сбор, письмо не прошло предусмотренную для нормативных актов процедуру. Заявителю отказали без квитанции.|Конституция РФ, статьи 15 и 57; НК РФ, статья 8.|Отменить требование неподтверждённого платежа; письмо не создаёт новый обязательный сбор.
Закон без опубликования|Парламент принял закон, но его официальное опубликование не состоялось. Орган контроля уже требует от жителей исполнять новую обязанность, затрагивающую их права.|Конституция РФ, статья 15, часть 3.|Дождаться официального опубликования и срока вступления в силу; неопубликованный акт, затрагивающий права, не применять.
Два чтения вместо трёх|Законопроект внесён в Государственную Думу. Комитет хочет заменить третье чтение публикацией пресс-релиза и направить текст дальше, поскольку принципиальные поправки уже обсуждены.|Регламент Государственной Думы, порядок рассмотрения законопроектов; Конституция РФ, статьи 105–107.|Провести предусмотренные чтения и оформить решение палаты; пресс-релиз не заменяет законодательную процедуру.
Заключение на расходный закон|Депутаты предложили новую выплату из федерального бюджета и хотят немедленно внести законопроект. Заключения Правительства на проект нет.|Конституция РФ, статья 104, часть 3.|Получить заключение Правительства до внесения законопроекта, предусматривающего расходы федерального бюджета.
Возвращение закона с возражениями|Президент отклонил федеральный закон и вернул его в парламент с возражениями. Думская фракция собирается преодолеть отклонение простым большинством, а Совет Федерации не приглашать.|Конституция РФ, статья 107, часть 3.|Повторно рассмотреть закон в обеих палатах; для преодоления отклонения нужны не менее двух третей голосов от общего числа в каждой палате.
Проверка конституционности до подписи|Принятый закон вызывает конституционные сомнения. Президент намерен обратиться в Конституционный Суд до подписания, а секретариат считает, что срок подписи нельзя приостанавливать.|Конституция РФ, статья 107, часть 3; ФКЗ о Конституционном Суде РФ.|Использовать предусмотренную процедуру запроса; учитывать приостановление срока подписания на время проверки.
Правительство и поручение партии|Партийное руководство направило министру обязательное, по его мнению, поручение распределить субсидии только между муниципалитетами, где партия получила большинство.|Конституция РФ, статьи 15 и 114; БК РФ, принципы бюджетной системы.|Распределять бюджетные средства по установленным правовым критериям; партийное поручение не заменяет полномочия и бюджетное основание.
Устав без обязательных положений|Учредители партии представили красивую программу, но в уставе нет порядка вступления, прекращения членства и компетенции руководящих органов. Они просят зарегистрировать партию по её политической программе.|Федеральный закон № 95-ФЗ «О политических партиях», требования к уставу и государственной регистрации.|Проверить комплект и обязательные положения устава; программа не заменяет устав и решение по регистрационной процедуре.
Отказ из-за политической позиции|Регистрационный орган собирается отказать партии только потому, что её программа критикует действующее руководство. Документы отвечают формальным требованиям, запрещённых целей не заявлено.|Конституция РФ, статьи 13 и 30; Федеральный закон № 95-ФЗ.|Оценить законные основания регистрации; несогласие с политической позицией само по себе не является основанием отказа.
Неотмеченная агитация|Редакция разместила оплаченный кандидатом материал без сведений об оплате из избирательного фонда. Штаб считает, что достаточно отметить публикацию словом «новость».|Федеральный закон № 67-ФЗ, правила предвыборной агитации и финансирования.|Оформить агитационный материал и оплату по избирательным правилам; новостная подпись не скрывает оплаченный характер.
Один бюллетень за соседа|Член комиссии выдаёт избирателю дополнительный бюллетень за соседа после предъявления фотографии его паспорта. Сосед на участок не пришёл.|Федеральный закон № 67-ФЗ, личное голосование и выдача бюллетеней.|Выдать бюллетень только надлежащему избирателю по установленной процедуре; голосование за отсутствующего соседа не допускается.
Победитель с конфликтом интересов|Руководитель закупочной комиссии узнал, что участником конкурса стала компания его супруги. Он решил просто не выступать на заседании, сохранив голос.|Федеральные законы № 273-ФЗ и № 44-ФЗ, конфликт интересов.|Уведомить о конфликте и обеспечить предусмотренное отстранение от участия в принятии решения, а не только от выступления.
Дробление единой закупки|Учреждение разбило одну заранее известную потребность на множество малых договоров с тем же поставщиком, чтобы не проводить конкурентную процедуру.|Федеральный закон № 44-ФЗ, принципы закупок и основания закупки у единственного поставщика.|Оценить совокупную потребность и применить надлежащий способ закупки; искусственное дробление не обосновывает исключение.
Техническое задание под марку|Заказчик описал характеристики оборудования так, что им соответствует только один бренд. Потребность в именно этой марке не обоснована, эквиваленты запрещены.|Федеральный закон № 44-ФЗ, статья 33.|Составить описание объекта закупки по допустимым объективным требованиям; товарный знак использовать только при законных условиях.
Приёмка того, чего нет|Поставщик просит подписать акт до поставки, чтобы закрыть год. На складе нет товара; он обещает доставить его после праздников.|Федеральный закон № 44-ФЗ, исполнение и приёмка контракта; БК РФ, исполнение расходов.|Не подтверждать несуществующую поставку; проводить приёмку по фактическому исполнению и условиям контракта.
Жалоба на закупку после договора|Участник оспаривает действия заказчика, но срок административного обжалования истёк и контракт заключён. Он просит комиссию отменить договор обычным письмом.|Федеральный закон № 44-ФЗ, обжалование закупок; ГК РФ, основания недействительности сделок.|Разграничить административную жалобу и судебную защиту; не отменять заключённый договор вне компетенции и установленной процедуры.
Подпись под чужим полномочием|Сотрудник администрации подписал договор от имени муниципалитета, хотя доверенности и полномочий по должности у него нет. Контрагент уже начал исполнение.|ГК РФ, статьи 182–183.|Проверить полномочия и последствия сделки без полномочия; последующее одобрение оформляет надлежащее уполномоченное лицо.
Молчание как новая аренда|Арендатор государственного помещения продолжает пользоваться им после окончания договора. Арендодатель не возражает, но управляющий объявляет это автоматической продажей помещения.|ГК РФ, статья 621; правила распоряжения публичным имуществом.|Разграничить продолжение аренды и переход собственности; пользование не превращает договор в продажу.
Неустойка за каждый день|Подрядчик нарушил срок на десять дней. Договор предусматривает ежедневную пеню, но заказчик одновременно считает её и после фактического исполнения за тот же период.|ГК РФ, статьи 330 и 333; условия договора.|Определить период нарушения и договорный расчёт; прекратить начисление за устраненное нарушение и оценить основания снижения судом.
Отказ от гарантийного ремонта|Покупатель обнаружил производственный дефект товара в гарантийный период. Продавец требует оплатить экспертизу заранее и отказывается принимать претензию без заводской коробки.|Закон РФ № 2300-1 «О защите прав потребителей», статья 18.|Принять требование и провести предусмотренную проверку; отсутствие упаковки само по себе не лишает права на защиту.
Цифровая подписка после отказа|Потребитель прекратил онлайн-подписку, но сервис продолжает списывать деньги за новые периоды. В интерфейсе кнопка отказа существует, однако заявление не учитывается.|Закон РФ № 2300-1, статья 32; ГК РФ, возмездное оказание услуг.|Учитывать надлежащий отказ от договора и проверять правовое основание дальнейших списаний; фактически понесённые расходы должны быть обоснованы.
Больничный и увольнение|Работодатель издал приказ об увольнении по своей инициативе в день временной нетрудоспособности сотрудника. Ликвидации организации нет.|ТК РФ, статья 81.|Не проводить увольнение по инициативе работодателя во время нетрудоспособности при отсутствии установленного исключения.
Испытание для беременной|При приёме беременной сотрудницы включили в договор испытательный срок. После отрицательного результата начальник собирается прекратить договор как не прошедшей испытание.|ТК РФ, статьи 70 и 261.|Применить запрет испытания для беременной и гарантии прекращения договора; условие об испытании не создаёт права такого увольнения.
Отпуск вместо задолженности|Работнику не выплатили зарплату два месяца. Бухгалтерия предлагает зачесть задолженность ежегодным отпуском без отпускных и без согласования.|ТК РФ, статьи 136, 142 и 236.|Погасить задолженность и компенсацию; отпуск не заменяет обязанность выплаты заработной платы.
Обязательная сверхурочная смена|Руководитель назначил сверхурочную работу родителю ребёнка до трёх лет без письменного согласия и без ознакомления с правом отказаться. Исключительной ситуации нет.|ТК РФ, статьи 99 и 259.|Проверить допустимость сверхурочной работы, получить необходимые согласия и уведомить о праве отказа.
Публичный список диагнозов|Учреждение вывесило в открытом коридоре имена пациентов с диагнозами, объясняя это удобством приёма. Согласий на такое раскрытие нет.|Федеральные законы № 152-ФЗ и № 323-ФЗ, врачебная тайна и специальные категории данных.|Удалить публичное раскрытие и организовать приём без разглашения медицинских сведений; обеспечить законное основание обработки.
Паспорт на личную почту|Служащий отправил сканы паспортов заявителей на свою личную почту для работы дома. Разрешённого защищённого канала и установленного основания такой передачи нет.|Федеральный закон № 152-ФЗ, обязанности оператора и безопасность персональных данных.|Прекратить неподконтрольную передачу, оценить инцидент и использовать предусмотренный защищённый порядок обработки.
Камера с распознаванием лиц|Муниципальное учреждение вводит идентификацию посетителей по лицу. Оно считает, что таблички «ведётся видеонаблюдение» достаточно для любых биометрических процедур.|Федеральный закон № 152-ФЗ, статья 11; законодательство о биометрической идентификации.|Разделить обычное видеонаблюдение и биометрическую идентификацию; установить законное основание, требования и допустимые альтернативы.
Ответ на обращение без сути|Житель указал конкретную неисправность и просит информацию о сроке ремонта. Орган прислал общую рекламу своей работы, не рассмотрев поставленный вопрос.|Федеральный закон № 59-ФЗ, рассмотрение обращения по существу.|Рассмотреть доводы в пределах компетенции и дать ответ по существу либо направить обращение надлежащему органу с уведомлением.
Тайна вместо открытого бюджета|Орган отказывает в доступе к опубликованным бюджетным данным, объявив весь свой бюджет служебной тайной. Ограничение законом не обосновано.|Федеральный закон № 8-ФЗ; БК РФ, принцип прозрачности.|Разграничить открытые сведения и законно ограниченную информацию; предоставить доступ к открытым бюджетным данным.
Согласование мирного собрания|Орган получил уведомление о публичном мероприятии и вместо предусмотренной процедуры потребовал разрешение партийного руководства. Законного основания такого документа нет.|Конституция РФ, статья 31; Федеральный закон № 54-ФЗ.|Рассмотреть уведомление в установленном законом порядке; партийное разрешение не относится к требуемым документам.
Отсутствие состава нарушения|Контрольный орган доказал факт хозяйственной деятельности, но не установил обязательный признак административного состава. Он предлагает назначить штраф для профилактики.|КоАП РФ, статьи 1.5 и 24.5.|Проверить все признаки состава; при их отсутствии прекратить производство по надлежащему основанию, а не штрафовать для примера.
Протокол без извещения|Орган составил протокол и рассмотрел дело без надлежащего извещения лица. Доказательств извещения нет, исключительные основания не установлены.|КоАП РФ, процессуальные права лица и порядок рассмотрения дела.|Обеспечить извещение и право на защиту; устранить процессуальное нарушение установленным способом.
Налог по ведомственной памятке|Инспекция требует доплатить налог по ставке из памятки, которая расходится с применимым законом. Налогоплательщик представил расчёт по НК РФ.|Конституция РФ, статья 57; НК РФ, принципы законодательства о налогах.|Применить действующую норму налогового законодательства; ведомственная памятка не изменяет ставку.
Излишне взысканный налог|Со счёта организации взыскали сумму, затем отменённую решением по спору. Бухгалтерия инспекции предлагает засчитать её в неопределённые будущие платежи без установленной процедуры.|НК РФ, единый налоговый счёт и возврат положительного сальдо; последствия отмены взыскания.|Установить состояние расчётов и применить предусмотренный НК РФ порядок возврата или зачёта, учитывая отменённое взыскание.
Льгота за партийный билет|Муниципальный совет хочет освободить от земельного налога только членов одной партии. Экономическое или социальное основание категории не объяснено.|НК РФ, статьи 3, 56 и глава 31; Конституция РФ, статья 19.|Не вводить дискриминационную партийную льготу; формировать допустимые категории в пределах налоговой компетенции.
Региональный запрет торговли|Региональное министерство письмом полностью запретило продажу законно обращающегося товара на территории субъекта, не имея законного полномочия на такой запрет.|Конституция РФ, статьи 34 и 74; Федеральный закон № 135-ФЗ.|Проверить федеральные основания и компетенцию; не устанавливать ведомственным письмом незаконное препятствие экономической деятельности.
Конкурентная аренда земли|Администрация хочет без предусмотренного основания передать публичный участок знакомому предпринимателю. Другие желающие предложили участвовать в открытой процедуре.|Земельный кодекс РФ, порядок предоставления публичных земель.|Определить законное основание и процедуру предоставления участка; при отсутствии исключения провести требуемые торги.
Стройка на территории памятника|Застройщик начал земляные работы в охранной зоне объекта культурного наследия без необходимого согласования. Муниципалитет обещает узаконить всё актом приёмки здания.|Федеральный закон № 73-ФЗ; градостроительное законодательство.|Проверить охранные требования и согласования до работ; приёмка не заменяет предусмотренные разрешительные процедуры.
Экологический платёж вместо разрешения|Предприятие утверждает, что уплата экологического платежа позволяет ему нарушать установленные условия выбросов. Условия разрешительной документации не соблюдены.|Федеральный закон № 7-ФЗ «Об охране окружающей среды».|Разграничить платёж и соблюдение экологических требований; уплата не легализует нарушение допустимых условий деятельности.
Доступ к правосудию через начальника|Канцелярия суда отказывает в приёме обращения, пока заявитель не получит согласие руководителя учреждения, чьи действия он оспаривает.|Конституция РФ, статья 46; процессуальные требования к обращению в суд.|Оценить обращение по процессуальным требованиям; согласие оспариваемого органа не является условием судебной защиты.
Доказательство из слухов|Орган основывает неблагоприятное решение только на анонимном пересказе. Проверяемых обстоятельств и иных доказательств нет, заявителю не дали представить объяснения.|Конституция РФ, статьи 19 и 46; правила соответствующей административной процедуры.|Установить и проверить юридически значимые факты, дать предусмотренную возможность представить позицию и мотивировать решение.
Обязательное примирение без согласия|Посредник обещает завершить спор медиацией и подписывает соглашение за стороны, которые не выражали согласия на его условия.|Федеральный закон № 193-ФЗ, добровольность медиации; ГК РФ, представительство.|Соблюсти добровольность и полномочия подписантов; посредник не подменяет волеизъявление сторон.
Срок обращения и уважительная причина|Заявитель пропустил процессуальный срок из-за подтверждённой длительной госпитализации. Секретарь предлагает навсегда закрыть доступ без рассмотрения ходатайства.|Соответствующий процессуальный кодекс, восстановление процессуальных сроков; Конституция РФ, статья 46.|Рассмотреть надлежащее ходатайство и доказательства причины по применимому процессуальному закону; не решать вопрос отказом канцелярии.
Банкротство и один любимый кредитор|Руководитель неплатёжеспособного предприятия выводит оставшиеся средства на погашение долга аффилированной компании, оставляя остальных кредиторов без имущества.|Федеральный закон № 127-ФЗ, оспаривание сделок и предпочтение кредитору.|Оценить признаки неплатёжеспособности, обязанности руководителя и возможное предпочтение; действовать в предусмотренной процедуре.
Наследство и неподписанное обещание|После смерти владельца родственник предъявил переписку «квартира будет твоей» и требует оформить всё имущество в обход остальных наследников.|ГК РФ, часть третья, наследование и форма завещания.|Установить основание наследования и действительность распоряжения; бытовое обещание не заменяет законную форму завещания.
Договор с несовершеннолетним|Магазин продал пятнадцатилетнему дорогую технику в кредит без необходимого согласия законного представителя. Продавец считает любой договор ребёнка безусловно действительным.|ГК РФ, статьи 26 и 175.|Проверить возраст, вид сделки, объём самостоятельной дееспособности и необходимое согласие; не приравнивать любую покупку к мелкой бытовой сделке.
Благоустройство без слушаний|Администрация меняет документ территориального планирования, для которого предусмотрена публичная процедура. Она заменила её опросом подписчиков в своём канале.|Градостроительный кодекс РФ, общественные обсуждения и публичные слушания.|Провести предусмотренную для конкретного документа процедуру; опрос в канале может дополнять, но не заменять её.
Публичное обещание компенсации|Пресс-секретарь обещал всем жителям компенсацию без утверждённого порядка и бюджетного основания. Социальная служба получила массовые заявления.|БК РФ, расходные обязательства; применимое законодательство о социальной поддержке.|Определить законное расходное обязательство и процедуру, объяснить действующие основания; пресс-обещание само по себе не заменяет акт.
Гражданство как условие частного договора|Муниципальное предприятие отказывает в обычной услуге исключительно из-за национальности клиента, хотя необходимые документы и основания имеются.|Конституция РФ, статья 19; ГК РФ, публичный договор и защита права.|Применить равные законные условия доступа; этническое происхождение не является основанием такого отказа.
Личная переписка для служебного отчёта|Руководитель публикует личную переписку сотрудника в открытом отчёте, объясняя это интересом аудитории. Согласия и законного основания раскрытия нет.|Конституция РФ, статьи 23–24; законодательство о персональных данных.|Исключить неправомерное раскрытие, отделить служебные факты от охраняемой частной информации и обеспечить законное основание обработки.
Чужое фото в партийной программе|Партия включила чужую фотографию в печатную программу, не получив права использования. Указание автора она считает полноценной лицензией.|ГК РФ, часть четвёртая, авторские права и допустимое использование.|Проверить права и условия использования, получить разрешение либо применить законное исключение; подпись автора не заменяет лицензию.
Секретный отзыв разрешения|Орган отозвал разрешение предпринимателя, не указав основание и не предоставив предусмотренную возможность возражений. Причину обещают сообщить после закрытия деятельности.|Конституция РФ, статьи 34 и 46; закон, регулирующий соответствующее разрешение.|Проверить законные основания и обязательную процедуру; оформить мотивированное решение и доступные способы обжалования.
Две ответственности за один эпизод|Два должностных лица одного органа независимо вынесли постановления по одному административному эпизоду в отношении того же лица. Оба постановления предполагают одинаковое наказание.|КоАП РФ, статьи 4.1 и 24.5.|Проверить тождество эпизода и наличие постановления; исключить повторную административную ответственность за одно нарушение.
Изменение подсудности распоряжением|Начальник ведомства решил, что все споры с его органом будет рассматривать выбранная им комиссия вместо суда. Заявителям рассылают обязательное распоряжение.|Конституция РФ, статьи 46–47; процессуальное законодательство.|Соблюсти законную подсудность и порядок защиты; ведомственное распоряжение не лишает права на предусмотренный суд.
Лишняя справка для услуги|Центр госуслуг требует у заявителя справку, которую орган обязан получить межведомственно, и отказывается регистрировать заявление до её представления.|Федеральный закон № 210-ФЗ, требования к предоставлению государственных и муниципальных услуг.|Принять заявление по надлежащему комплекту и использовать межведомственное взаимодействие, если закон не требует документ от заявителя.
Реквизиция без компенсации|Для устранения последствий чрезвычайной ситуации орган изымает имущество и объявляет, что возврат или компенсация никогда не предусмотрены.|ГК РФ, статья 242; законодательство о чрезвычайных ситуациях.|Проверить законные условия реквизиции, оценку и компенсацию, а также право на судебную защиту и возврат сохранившегося имущества.
Государственная помощь без контроля|Получатель субсидии выполнил основную работу, но отказался от обязательной отчётности. Куратор предлагает не фиксировать нарушение, чтобы не ухудшать показатель ведомства.|БК РФ, статья 78; условия предоставления субсидии и бюджетного контроля.|Проверить условия и отчётность, документировать нарушение и применить предусмотренные меры; ведомственный показатель не отменяет контроль.
Ненормативный акт против закона|Индивидуальный приказ министерства отменил право конкретного заявителя, прямо закреплённое законом. Орган считает, что более поздняя дата приказа даёт ему преимущество.|Конституция РФ, статья 15; иерархия правовых актов и судебная защита.|Применить акт надлежащей юридической силы; более поздний индивидуальный приказ не отменяет закон.
Вознаграждение за обязательную услугу|Служащему предложили подарок за ускорение обязательного регистрационного действия. Он считает, что небольшая стоимость делает связь с услугой допустимой.|Федеральный закон № 273-ФЗ; законодательство о государственной службе.|Отказаться от связанного с должностным действием вознаграждения и выполнить установленные обязанности по уведомлению.
