090|Нарушение зафиксировано 18 марта, а новая редакция нормы вступила в силу 1 апреля. В старой редакции штраф составлял 10 тыс. ₽, в новой — 25 тыс. ₽. Рассмотрение назначено на 8 апреля; инспектор приложил обе редакции к протоколу. Участнику нужно выбрать основание решения с учётом времени совершения деяния и характера изменения ответственности.
091|Письмо разослано территориальным подразделениям и помещено в разделе новостей министерства. Заявитель подготовил полный установленный комплект, но сотрудник требует ещё квитанцию на 3 тыс. ₽. В письме отсутствуют реквизиты принятия нормативного акта, а сумма не указана в законе. Участник получает заявление, перечень документов и письмо; нужно решить, как организовать приём.
092|Предприятие узнало о новом требовании из трансляции заседания, а официального текста в доступном источнике пока нет. Контролёр требует начать исполнение уже завтра и грозит санкцией за прошлую неделю. Секретарь показывает подписанную копию и дату принятия. Участнику предстоит сопоставить принятие, опубликование, вступление в силу и доступность обязанности для адресатов.
093|Ко второму чтению появились поправки к двум статьям, а окончательный текст ещё не сверен. Председательствующий предлагает провести пресс-конференцию и объявить закон принятым. В повестке третье чтение отсутствует, некоторые депутаты просят сначала проверить текст. Участник распоряжается проектом, таблицей поправок и протоколом предыдущего голосования; решение требуется до объявления результата.
094|Группа депутатов подготовила ежемесячную выплату новой категории граждан с расходом 6 млрд ₽ в год. К инициативе приложены пояснительная записка и расчёт, но заключения Правительства нет. Авторы считают расчёт достаточной заменой и просят включить проект в повестку. Участник должен определить дальнейшее движение пакета до начала рассмотрения.
095|Президент направил мотивированные возражения к двум статьям, а закон вернулся в Государственную Думу. На заседании собрано обычное большинство, голосование в Совете Федерации не проводилось. Сторонники проекта предлагают сразу передать первоначальный текст на подпись. Участнику доступны письмо Президента и результаты голосования; необходимо выбрать дальнейшую процедуру.
096|Закон поступил Президенту вместе с замечаниями о возможном противоречии Конституции. Обращение в Конституционный Суд направлено до подписания, его принятие подтверждено канцелярией. В календаре секретариата продолжает идти обычный срок подписания без отдельной отметки. Участник получает закон, обращение и календарь; нужно определить действие до истечения указанной даты.
097|В проекте распределения помощи указаны пять муниципалитетов, победивших на партийном голосовании. У остальных территорий есть подтверждённые потребности, но их заявки предлагают отложить. Министру переданы партийное поручение, проект отбора и бюджетная строка поддержки. Решение требуется перед утверждением критериев, когда деньги ещё не перечислены.
098|Партия представила программу, протокол съезда, список учредителей и красиво оформленный устав. В уставе описаны цели, но невозможно определить порядок приёма и выхода членов или полномочия руководящих органов. Заявитель просит регистрацию до начала агитационной кампании. Участник должен оценить комплект и подготовить адресный ответ по обнаруженным пробелам.
099|Регистрационное досье содержит обязательные сведения и документы, замечаний к оформлению не выявлено. В проекте отказа указано лишь, что программа партии резко критикует действующую администрацию. Заявитель просит показать конкретное основание отказа. Участнику доступны досье и проект письма; решение требуется до отправки официального ответа.
100|Редакция получила оплату из фонда кандидата и выпустила материал с призывом голосовать за него. В публикации не указано финансирование, а в журнале редакции она записана как обычная новость. Конкурент сохранил выпуск и платёжные сведения. Участнику нужно квалифицировать материал и выбрать действие до повторного выхода рекламы.
101|На участке осталось достаточно бюллетеней, а очередь небольшая. Избиратель говорит, что сосед болен, и показывает фотографию его паспорта в телефоне. Доверенности, личного присутствия соседа и заявления о предусмотренной законом форме голосования нет. Участнику переданы список избирателей и журнал выдачи; решение нужно принять до выдачи второго бюллетеня.
102|Заявки ещё оцениваются, итоговый протокол не подписан. Компания супруги руководителя предлагает цену на 2% ниже конкурента, но по качеству оценки расходятся. Руководитель сообщил секретарю о родстве и попросил только не давать ему слово. Участник должен определить порядок действий комиссии до выставления окончательных баллов.
103|Годовой план учреждения содержит единую потребность в 120 компьютерах для одного корпуса. Проект предлагает двадцать договоров по шесть устройств с одинаковыми характеристиками и сроком доставки. Все договоры подготовлены для одного поставщика в одну неделю. Участнику доступны план и проекты договоров; необходимо выбрать способ оформления закупки до подписания.
104|В техническом задании повторены уникальные размеры и закрытый интерфейс одной модели оборудования. Специалист объясняет выбор привычкой сотрудников, но не представил расчёт совместимости или иной объективной необходимости. Два поставщика запросили допуск эквивалентов. Участник рассматривает проект извещения до публикации на площадке.
105|Контракт предусматривает поставку 30 комплектов оборудования, а оплачивать можно после подтверждённой приёмки. Поставщик прислал подписанный со своей стороны акт и обещает привезти товар через две недели. Кладовщик письменно подтвердил отсутствие комплектов на складе. Участник должен решить, какой документ и какое действие допустимы перед закрытием отчётного периода.
106|Жалоба поступила после установленного срока административного рассмотрения, а поставщик уже приступил к исполнению контракта. Заявитель приложил переписку и просит вернуть процедуру на этап подачи заявок. Комиссия подготовила черновик письма об отмене договора. Участник получает даты, контракт и жалобу; необходимо определить доступный способ защиты и полномочия органа.
107|По положению договоры подписывает глава администрации или лицо с выданной доверенностью. Специалист подписал документ во время отпуска руководителя, не получив замещения или доверенности. Подрядчик уже выполнил подготовительные работы и направил счёт. Участнику нужно оценить возникшие последствия и оформить дальнейшие действия, не скрывая обстоятельства подписания.
108|После окончания срока аренды организация продолжает платить ту же арендную плату. Собственник получает деньги и не направлял возражений против использования помещения. Управляющий предлагает выдать арендатору свидетельство о собственности вместо нового договора. Участнику доступны прежний договор, платежи и переписка; требуется определить действительное содержание отношений.
109|Поставка должна была завершиться 5 июня, фактически завершилась 15 июня. Заказчик рассчитывает ежедневную пеню до 25 июня, хотя акт исполнения подписан 15 июня без спора о дате. Подрядчик согласен обсуждать десять дней просрочки и просит расчёт по дням. Участнику необходимо проверить период начисления и содержание требования.
110|Покупатель принёс неисправный ноутбук через четыре месяца после покупки с чеком и гарантийными документами. Следов неправильного использования продавец пока не установил. Приёмщик требует 4 тыс. ₽ за экспертизу и оригинальную упаковку, которой у покупателя нет. Участник рассматривает претензию до отказа в её регистрации.
111|Пользователь отменил автопродление 12 мая и получил подтверждение на электронную почту. В июне и июле сервис списал ещё по 900 ₽ и показал активную подписку в кабинете. Поддержка ссылается на отсутствие бумажного заявления, хотя отказ оформлен предусмотренной кнопкой. Участнику переданы условия сервиса, подтверждение и выписка; нужно оценить требование о возврате.
112|Сотрудник находится на подтверждённом больничном, электронный листок доступен работодателю. Приказ мотивирован сокращением, а организация продолжает деятельность. В кадровом журнале предложена дата увольнения внутри периода нетрудоспособности. Участник должен проверить дату и основание перед выдачей документов и окончательным расчётом.
113|Сотрудница сообщила о беременности и представила медицинский документ до приёма на работу. В типовой договор автоматически включили трёхмесячное испытание. Через месяц руководитель составил отрицательную оценку и подготовил уведомление о прекращении договора. Участнику переданы договор, документ и оценка; необходимо решить вопрос до вручения уведомления.
114|Задолженность составляет 86 тыс. ₽, даты начислений подтверждены расчётными листками. Работник не просил отпуск и намерен продолжать работу. Бухгалтер предлагает подписать задним числом заявление и считать долг погашенным днями отдыха. Участник должен оценить предложенное оформление и выбрать действие по существующей задолженности.
115|Производственный заказ можно выполнить в течение следующей недели, угрозы аварии или чрезвычайного обстоятельства нет. Работнику с двухлетним ребёнком назначили дополнительную смену сообщением в рабочем чате. Письменное согласие и уведомление о праве отказаться отсутствуют. Участник получает график и сообщение; нужно решить, как оформить работу до начала смены.
116|На доске у регистратуры указаны фамилии, время приёма и диагнозы двадцати пациентов. Коридор открыт для сопровождающих и посетителей других отделений. Один пациент просит убрать сведения, администратор ссылается на удобство очереди. Участник должен оценить объём раскрытия и организовать запись пациентов с учётом обращения.
117|Для подготовки отчёта служащий скачал сканы двенадцати паспортов из ведомственной системы. Личный почтовый сервис хранит вложения за пределами разрешённого рабочего контура. Руководитель узнал о передаче до публикации отчёта, доступ к письму пока не ограничен. Участнику доступны журнал выгрузки и служебное объяснение; нужно выбрать действия по инциденту.
118|Турникет сопоставляет изображение лица посетителя с заранее созданным профилем и сохраняет результат идентификации. Альтернативный способ входа не предусмотрен, а посетители увидели только общую табличку о видеонаблюдении. Учреждение ещё не утвердило отдельный порядок обработки этих данных. Участник оценивает запуск системы до её обязательного использования.
119|В обращении указаны адрес аварийного участка, даты предыдущих заявок и просьба сообщить план ремонта. Ответ содержит фотографии благоустройства другого квартала и общую благодарность за активность. Срок ответа подошёл к концу, заявитель уточняет, рассмотрены ли его вопросы. Участнику переданы оба текста; нужно определить содержание дальнейшего ответа.
120|Запрошены утверждённые доходы, расходы и пояснения к опубликованному бюджету. Эти материалы уже размещались на сайте совета, но после обновления раздела ссылки перестали открываться. В отказе отсутствует ссылка на конкретное ограничение доступа. Участник должен решить, как обработать запрос и восстановить доступ к соответствующим материалам.
121|Организаторы подали уведомление в установленный срок с маршрутом и предполагаемым числом участников. Администрация не направила мотивированного предложения по месту, а запросила согласие местного партийного руководителя. Срок ответа на уведомление истекает завтра. Участнику доступны уведомление и проект требования; необходимо выбрать дальнейшее действие органа.
122|В материалах есть фотографии и договор, подтверждающие работу предприятия. Для вменённого состава необходимо дополнительное обстоятельство, которого проверка не установила. Инспектор предлагает компенсировать этот пробел ссылкой на общественную опасность деятельности. Участник оценивает доказательства перед вынесением постановления.
123|Уведомление отправили на старый адрес, хотя новый адрес указан в материалах проверки. Почтовое сообщение вернулось, иных подтверждений извещения нет. Дело рассмотрели в отсутствие лица, после чего ему направили только итоговое постановление. Участнику нужно оценить соблюдение процедуры и дальнейшее движение дела.
124|В применимой редакции закона указана ставка 2%, а в памятке на стойке инспекции — 3%. Организация представила налоговый расчёт и копию действующей нормы за соответствующий период. Инспектор требует доплату, ссылаясь на одинаковую памятку во всех отделениях. Участник проверяет нормативное основание перед подготовкой требования.
125|По результатам рассмотрения спора взыскание 480 тыс. ₽ признано необоснованным. Деньги уже списаны со счёта, организация представила решение и реквизиты. В проекте ответа отсутствуют срок, расчёт и указание применимой процедуры; предложено ждать будущей налоговой обязанности. Участнику нужно выбрать действие, учитывающее состояние расчётов и содержание отмены.
126|Проект льготы охватывает партийные земельные участки независимо от назначения и стоимости. Владельцы аналогичных участков без партийного членства остаются плательщиками. Пояснительная записка содержит только обещание поддержки сторонникам. Участник рассматривает проект муниципального акта до голосования и должен оценить основание выделенной категории.
127|Товар разрешён к обороту при соблюдении федеральных требований, нарушений этих требований проверка не установила. Министерство направило торговым сетям письмо с требованием убрать его за три дня. В письме нет ссылки на предоставленное законом полномочие вводить такой запрет. Участнику нужно выбрать действие по письму и обращениям продавцов.
128|На участок претендуют три предпринимателя, все предлагают допустимое использование. Знакомый администрации заявитель просит прямую аренду по письму поддержки, специальных оснований для этого в досье нет. Проект договора подготовлен до проверки способа предоставления. Участник получает кадастровые сведения и заявки; решение требуется перед отправкой договора.
129|Экскаватор начал земляные работы в границах охранной зоны, которые нанесены на официальную схему. У застройщика есть общий строительный пакет, но необходимое согласование для этой территории не представлено. Письмо муниципалитета обещает оформить результаты после завершения здания. Участник оценивает начало работ и полномочия предложенного подписанта.
130|В отчёте предприятия указаны фактические выбросы выше согласованных условий. Платёж перечислен, и бухгалтер приложил квитанцию как объяснение продолжения работы без изменений. Экологический специалист отдельно составил акт о несоблюдении условий. Участнику переданы разрешительная документация, отчёт и платёж; необходимо определить значение каждого документа.
131|Заявитель оспаривает отказ учреждения, подписанный его руководителем. В канцелярии требуют разрешение этого же руководителя на обращение в суд. Форма заявления и приложенные документы отвечают установленным требованиям приёма. Участник рассматривает действия канцелярии до истечения срока обращения заявителя.
132|Анонимное сообщение содержит обвинение, но не указывает проверяемые даты, документы или свидетелей. Неблагоприятное решение готовят без ознакомления адресата с материалами. В досье нет дополнительных результатов проверки. Участнику необходимо оценить, какие факты установлены и какое решение возможно на представленном основании.
133|Стороны обсуждали медиацию, но одна из них отклонила предложенную сумму выплаты. Посредник направил им подписанное только им соглашение и объявил спор завершённым. Полномочий подписывать за стороны ему не выдавали. Участник получает переписку и документ; нужно оценить его значение для дальнейшего урегулирования.
134|Госпитализация длилась 35 дней и полностью охватывала заключительный период срока обращения. Заявитель приложил медицинские документы и ходатайство о восстановлении срока. Канцелярия предлагает вернуть весь комплект без передачи судье. Участник должен определить движение заявления и ходатайства с учётом документированных обстоятельств.
135|На счёте предприятия осталось 3 млн ₽ при обязательствах перед несколькими кредиторами на 11 млн ₽. Руководитель подготовил платёж аффилированной компании, срок требования которой не имеет очевидного преимущества. Остальные кредиторы уже направили требования, процедура несостоятельности обсуждается. Участник оценивает платёж до списания последнего доступного имущества.
136|В переписке владелец обсуждал намерение передать квартиру родственнику, но отдельного оформленного распоряжения в досье нет. После смерти обнаружены также другие наследники и сведения об имуществе. Родственник просит оформить право немедленно, не уведомляя остальных. Участник рассматривает представленные материалы в рамках открытия наследственного дела.
137|Стоимость покупки составляет 110 тыс. ₽, оплата оформлена как обязательство на двенадцать месяцев. У продавца есть возраст покупателя, но отсутствуют документы о требуемом согласии или полной дееспособности. Законный представитель узнал о договоре после первого платёжного уведомления. Участник должен оценить характер сделки и заявленные последствия.
138|Изменение предусматривает размещение объекта рядом с жилым кварталом и затрагивает несколько участков. В электронном опросе участвовали подписчики канала, часть жителей о нём не знала. Официальные материалы публичной процедуры и протокол обсуждения не подготовлены. Участник рассматривает проект изменения до его утверждения представительным органом.
139|После выступления пресс-секретаря поступило 240 заявлений о выплате по 20 тыс. ₽. В бюджете нет соответствующего основания, условия и круг получателей не утверждены. Сотрудники социальной службы предлагают начать платежи по записи трансляции. Участнику доступны обещание, заявления и бюджет; нужно организовать официальный ответ и дальнейшие действия.
140|Клиент представил тот же комплект документов, который принимают у остальных заявителей услуги. Сотрудник письменно указал единственной причиной отказа национальность клиента. Специального правового основания ограничения в досье нет. Участник рассматривает жалобу и условия оказания услуги перед направлением официального ответа.
141|Переписка получена из личного аккаунта и касается семейных обстоятельств сотрудника. Руководитель вставил скриншоты в проект открытого отчёта без согласия и указания законного основания. Отчёт ещё не опубликован, но доступен редактору сайта. Участник должен оценить необходимость раскрытия и порядок обработки данного материала.
142|Фотограф разместил снимок в портфолио с условиями использования, отдельного разрешения партия не получала. Макет программы предусматривает печать 2 тыс. экземпляров и публикацию файла в сети. Дизайнер указал имя автора под изображением и считает вопрос закрытым. Участник получает макет и условия; решение требуется до заказа тиража.
143|Предприниматель получил уведомление об отзыве, которое не содержит мотивов и порядка представления возражений. Деятельность требуют прекратить через два дня, материалы основания пока не раскрыты. В досье предусмотренная процедура участия адресата не проведена. Участник оценивает документ до наступления указанного срока.
144|Оба постановления относятся к одному времени, месту, действию и одному привлекаемому лицу. Второй инспектор не проверил наличие первого решения в журнале органа. Заявитель представил обе копии и просит устранить двойное требование об оплате. Участник должен сопоставить эпизоды и определить дальнейшее действие по материалам.
145|В распоряжении указано, что жалобы и судебные заявления граждан сначала должна окончательно разрешать ведомственная комиссия. Члены комиссии назначаются руководителем ответчика, независимого судебного рассмотрения документ не предусматривает. Заявителю отказали в направлении документов со ссылкой на распоряжение. Участник оценивает компетенцию органа и установленный способ защиты.
146|Запрошенная справка находится в государственном реестре и должна поступать по межведомственному каналу. Заявитель представил обязательные документы, а оператор требует принести справку лично на бумаге. Регистрация обращения откладывается, что влияет на дату предоставления услуги. Участник проверяет перечень и порядок обмена сведениями до отказа в приёме.
147|В чрезвычайной ситуации использован грузовой автомобиль частного владельца для доставки материалов. Орган зафиксировал изъятие, но в акте написал, что оценка стоимости, компенсация и последующий возврат исключены. Собственник просит сведения о состоянии автомобиля и основании дальнейшего удержания. Участник рассматривает акт и требования владельца после завершения срочных работ.
148|Соглашение о субсидии устанавливает отчёт о результатах, расходах и подтверждающих документах. Основной объект введён, но получатель письменно отказался представить обязательный отчёт в срок. Куратор предлагает отметить полный результат без материалов проверки. Участник должен выбрать действие для отчётности и контроля до закрытия периода.
149|Заявитель предъявил норму закона, прямо предоставляющую право при выполненных условиях. Министерство выдало ему индивидуальный приказ об отказе со ссылкой только на более позднюю дату приказа. В приказе не указано изменение закона или иное предусмотренное основание. Участник рассматривает жалобу и должен определить соотношение документов.
150|Посетитель передал служащему подарочную карту на 5 тыс. ₽ и попросил поставить его заявление первым. Регистрационное действие входит в должностные обязанности, очередь уже установлена. Служащий ещё не использовал карту, но предлагает принять её как благодарность. Участник оценивает предложение и порядок дальнейших служебных действий до изменения очереди.
